tree_id,detection_status,identity_review_status,protocol_applicability,protocol_resolved,measurement_kind,measurement_height_agl_m,geometric_status,acceptance_status,circumference_cm,dbh_cm,diameter_at_measurement_height_cm,candidate_circumference_cm,candidate_dbh_cm,dbh_definition_applies,field_aid_status,field_aid_source,field_aid_measurement_height_agl_m,field_aid_circumference_cm,field_aid_diameter_cm,field_aid_dbh_cm,field_aid_is_current_protocol_final,field_aid_fit_model,field_aid_marking_source,operationally_excluded,operational_exclusion_decision,legacy_full_resolution_status,legacy_measurement_rule,legacy_measurement_height_agl_m,legacy_circumference_cm,legacy_diameter_cm,legacy_dbh_cm,legacy_is_current_protocol_final,fit_model,point_count,inlier_count,angular_coverage_deg,axis_source,axis_status,axis_uncertainty_m,field_verified,qa_reason_codes,marking_url
TREE_0001,UNCERTAIN,NOT_REVIEWED,NOT_REVIEWED,False,SCREENING_AT_1_30,1.3,NEEDS_REVIEW,NEEDS_LIDAR_REVIEW,,,,198.17,63.08,False,CHECK_ON_SITE,FULL_LAS_REVIEW_CANDIDATE,1.3,198.17,63.08,63.08,False,CIRCLE,CURRENT_FULL_LAS_REFIT,False,,NOT_AVAILABLE,,,,,,False,CIRCLE,834,706,100.0,FROZEN_PHASE5A_AXIS_FALLBACK,PROBABLE,0.087195,False,CIRCLE_ELLIPSE_DISAGREEMENT|FIT_CENTER_INCONSISTENT_WITH_LOCAL_AXIS|LOCAL_AXIS_NOT_SUPPORTED_AT_MEASUREMENT_HEIGHT|POOR_ANGULAR_COVERAGE,data/lidar-measurements/markings/TREE_0001.json
TREE_0002,UNCERTAIN,NOT_REVIEWED,NOT_REVIEWED,False,SCREENING_AT_1_30,1.3,NOT_MEASURABLE,NEEDS_LIDAR_REVIEW,,,,,,False,NO_ESTIMATE,NO_PLAUSIBLE_FIT,1.3,,,,False,,CURRENT_FULL_LAS_REFIT,False,,NOT_AVAILABLE,,,,,,False,,4,0,,FROZEN_PHASE5A_AXIS_FALLBACK,PROBABLE,0.122427,False,INSUFFICIENT_FULL_LAS_POINT_SUPPORT,data/lidar-measurements/markings/TREE_0002.json
TREE_0003,UNCERTAIN,NOT_REVIEWED,NOT_REVIEWED,False,SCREENING_AT_1_30,1.3,MEASURABLE,PROVISIONAL_PROTOCOL_REVIEW_REQUIRED,,,,298.27,94.94,False,EXCLUDED_CONFIRMED_WRONG,HUMAN_OPERATOR_EXCLUSION,1.3,,,,False,CIRCLE,CURRENT_FULL_LAS_REFIT,True,EXCLUDE_CONFIRMED_WRONG,NOT_AVAILABLE,,,,,,False,CIRCLE,29657,19649,260.0,FULL_SOURCE_LAS_LOCAL_AXIS_REFIT,CONFIRMED,0.06522,False,,data/lidar-measurements/markings/TREE_0003.json
TREE_0004,PROBABLE,NOT_REVIEWED,NOT_REVIEWED,False,SCREENING_AT_1_30,1.3,NEEDS_REVIEW,NEEDS_LIDAR_REVIEW,,,,131.28,41.79,False,CHECK_ON_SITE,FULL_LAS_REVIEW_CANDIDATE,1.3,131.28,41.79,41.79,False,CIRCLE,CURRENT_FULL_LAS_REFIT,False,,NOT_AVAILABLE,,,,,,False,CIRCLE,13014,8440,220.0,FROZEN_PHASE5A_AXIS_FALLBACK,PROBABLE,0.014093,False,FIT_CENTER_INCONSISTENT_WITH_LOCAL_AXIS,data/lidar-measurements/markings/TREE_0004.json
TREE_0005,PROBABLE,NOT_REVIEWED,NOT_REVIEWED,False,SCREENING_AT_1_30,1.3,NEEDS_REVIEW,NEEDS_LIDAR_REVIEW,,,,301.08,95.84,False,CHECK_ON_SITE,FULL_LAS_REVIEW_CANDIDATE,1.3,301.08,95.84,95.84,False,CIRCLE,CURRENT_FULL_LAS_REFIT,False,,NOT_AVAILABLE,,,,,,False,CIRCLE,34633,16625,360.0,FULL_SOURCE_LAS_LOCAL_AXIS_REFIT,PROBABLE,0.183595,False,LOCAL_AXIS_UNCERTAINTY_TOO_HIGH,data/lidar-measurements/markings/TREE_0005.json
TREE_0006,UNCERTAIN,NOT_REVIEWED,NOT_REVIEWED,False,SCREENING_AT_1_30,1.3,NEEDS_REVIEW,NEEDS_LIDAR_REVIEW,,,,279.37,88.93,False,CHECK_ON_SITE,FULL_LAS_REVIEW_CANDIDATE,1.3,279.37,88.93,88.93,False,CIRCLE,CURRENT_FULL_LAS_REFIT,False,,NOT_AVAILABLE,,,,,,False,CIRCLE,41354,21172,310.0,FULL_SOURCE_LAS_LOCAL_AXIS_REFIT,PROBABLE,0.165257,False,LOCAL_AXIS_UNCERTAINTY_TOO_HIGH,data/lidar-measurements/markings/TREE_0006.json
TREE_0007,UNCERTAIN,NOT_REVIEWED,NOT_REVIEWED,False,SCREENING_AT_1_30,1.3,NEEDS_REVIEW,NEEDS_LIDAR_REVIEW,,,,195.21,62.14,False,CHECK_ON_SITE,FULL_LAS_REVIEW_CANDIDATE,1.3,195.21,62.14,62.14,False,CIRCLE,CURRENT_FULL_LAS_REFIT,False,,NOT_AVAILABLE,,,,,,False,CIRCLE,25286,7399,360.0,FULL_SOURCE_LAS_LOCAL_AXIS_REFIT,CONFIRMED,0.064337,False,FIT_CENTER_INCONSISTENT_WITH_LOCAL_AXIS,data/lidar-measurements/markings/TREE_0007.json
TREE_0008,PROBABLE,NOT_REVIEWED,NOT_REVIEWED,False,SCREENING_AT_1_30,1.3,MEASURABLE,PROVISIONAL_PROTOCOL_REVIEW_REQUIRED,,,,21.97,6.99,False,READY_FOR_FIELD_USE,FULL_LAS_GEOMETRY_ESTIMATE,1.3,21.97,6.99,6.99,False,CIRCLE,CURRENT_FULL_LAS_REFIT,False,,NOT_AVAILABLE,,,,,,False,CIRCLE,26258,17094,350.0,FULL_SOURCE_LAS_LOCAL_AXIS_REFIT,PROBABLE,0.121741,False,,data/lidar-measurements/markings/TREE_0008.json
TREE_0009,CONFIRMED,NOT_REVIEWED,NOT_REVIEWED,False,SCREENING_AT_1_30,1.3,NEEDS_REVIEW,NEEDS_LIDAR_REVIEW,,,,73.1,23.27,False,CHECK_ON_SITE,FULL_LAS_REVIEW_CANDIDATE,1.3,73.1,23.27,23.27,False,ELLIPSE,CURRENT_FULL_LAS_REFIT,False,,NOT_AVAILABLE,,,,,,False,ELLIPSE,2258,1536,90.0,FROZEN_PHASE5A_AXIS_FALLBACK,PROBABLE,0.0,False,CIRCLE_ELLIPSE_DISAGREEMENT|FIT_CENTER_INCONSISTENT_WITH_LOCAL_AXIS|LOCAL_AXIS_NOT_SUPPORTED_AT_MEASUREMENT_HEIGHT|POOR_ANGULAR_COVERAGE,data/lidar-measurements/markings/TREE_0009.json
TREE_0010,PROBABLE,NOT_REVIEWED,NOT_REVIEWED,False,SCREENING_AT_1_30,1.3,NEEDS_REVIEW,NEEDS_LIDAR_REVIEW,,,,214.04,68.13,False,CHECK_ON_SITE,FULL_LAS_REVIEW_CANDIDATE,1.3,214.04,68.13,68.13,False,CIRCLE,CURRENT_FULL_LAS_REFIT,False,,NOT_AVAILABLE,,,,,,False,CIRCLE,3206,1329,140.0,FULL_SOURCE_LAS_LOCAL_AXIS_REFIT,PROBABLE,0.092493,False,CIRCLE_ELLIPSE_DISAGREEMENT|FIT_CENTER_INCONSISTENT_WITH_LOCAL_AXIS,data/lidar-measurements/markings/TREE_0010.json
TREE_0011,CONFIRMED,NOT_REVIEWED,NOT_REVIEWED,False,LEGACY_ADAPTIVE_IRREGULAR_ZONE_PLUS_030,1.65,MEASURABLE,PROVISIONAL_PROTOCOL_REVIEW_REQUIRED,,,,22.67,,False,READY_FOR_FIELD_USE,LEGACY_FULL_RESOLUTION_ACCEPTED,1.65,21.71,6.91,,False,CIRCLE,ARCHIVED_FULL_RESOLUTION_FIT,False,,ACCEPTED,ADAPTIVE_IRREGULAR_ZONE_PLUS_030,1.65,21.71,6.91,,False,CIRCLE,59857,47615,360.0,FULL_SOURCE_LAS_LOCAL_AXIS_REFIT,CONFIRMED,0.004047,False,,data/lidar-measurements/markings/TREE_0011.json
TREE_0012,UNCERTAIN,NOT_REVIEWED,NOT_REVIEWED,False,SCREENING_AT_1_30,1.3,NEEDS_REVIEW,NEEDS_LIDAR_REVIEW,,,,191.74,61.03,False,CHECK_ON_SITE,FULL_LAS_REVIEW_CANDIDATE,1.3,191.74,61.03,61.03,False,CIRCLE,CURRENT_FULL_LAS_REFIT,False,,NOT_AVAILABLE,,,,,,False,CIRCLE,71095,22807,360.0,FROZEN_PHASE5A_AXIS_FALLBACK,PROBABLE,0.187052,False,FIT_CENTER_INCONSISTENT_WITH_LOCAL_AXIS|LOCAL_AXIS_UNCERTAINTY_TOO_HIGH,data/lidar-measurements/markings/TREE_0012.json
TREE_0013,UNCERTAIN,NOT_REVIEWED,NOT_REVIEWED,False,SCREENING_AT_1_30,1.3,NEEDS_REVIEW,NEEDS_LIDAR_REVIEW,,,,166.96,53.15,False,CHECK_ON_SITE,FULL_LAS_REVIEW_CANDIDATE,1.3,166.96,53.15,53.15,False,CIRCLE,CURRENT_FULL_LAS_REFIT,False,,NOT_AVAILABLE,,,,,,False,CIRCLE,7363,5021,170.0,FULL_SOURCE_LAS_LOCAL_AXIS_REFIT,PROBABLE,0.248007,False,FIT_CENTER_INCONSISTENT_WITH_LOCAL_AXIS|LOCAL_AXIS_UNCERTAINTY_TOO_HIGH,data/lidar-measurements/markings/TREE_0013.json
TREE_0014,UNCERTAIN,NOT_REVIEWED,NOT_REVIEWED,False,LEGACY_STANDARD_DBH_1_30,1.3,MEASURABLE,PROVISIONAL_PROTOCOL_REVIEW_REQUIRED,,,,23.36,7.44,True,READY_FOR_FIELD_USE,LEGACY_FULL_RESOLUTION_ACCEPTED,1.3,28.6,9.1,9.1,False,CIRCLE,ARCHIVED_FULL_RESOLUTION_FIT,False,,ACCEPTED,STANDARD_1_30,1.3,28.6,9.1,9.1,False,CIRCLE,54029,43856,360.0,FULL_SOURCE_LAS_LOCAL_AXIS_REFIT,CONFIRMED,0.003889,False,,data/lidar-measurements/markings/TREE_0014.json
TREE_0015,UNCERTAIN,NOT_REVIEWED,NOT_REVIEWED,False,SCREENING_AT_1_30,1.3,NEEDS_REVIEW,NEEDS_LIDAR_REVIEW,,,,307.34,97.83,False,CHECK_ON_SITE,FULL_LAS_REVIEW_CANDIDATE,1.3,307.34,97.83,97.83,False,CIRCLE,CURRENT_FULL_LAS_REFIT,False,,NOT_AVAILABLE,,,,,,False,CIRCLE,37486,20530,240.0,FULL_SOURCE_LAS_LOCAL_AXIS_REFIT,PROBABLE,0.130392,False,FIT_CENTER_INCONSISTENT_WITH_LOCAL_AXIS,data/lidar-measurements/markings/TREE_0015.json
TREE_0016,UNCERTAIN,NOT_REVIEWED,NOT_REVIEWED,False,SCREENING_AT_1_30,1.3,NEEDS_REVIEW,NEEDS_LIDAR_REVIEW,,,,41.89,13.33,False,CHECK_ON_SITE,FULL_LAS_REVIEW_CANDIDATE,1.3,41.89,13.33,13.33,False,CIRCLE,CURRENT_FULL_LAS_REFIT,False,,NOT_AVAILABLE,,,,,,False,CIRCLE,4567,321,180.0,FULL_SOURCE_LAS_LOCAL_AXIS_REFIT,PROBABLE,0.138988,False,CIRCLE_ELLIPSE_DISAGREEMENT|FIT_CENTER_INCONSISTENT_WITH_LOCAL_AXIS,data/lidar-measurements/markings/TREE_0016.json
TREE_0017,CONFIRMED,NOT_REVIEWED,PROP_ROOT_PROTOCOL_APPLICABLE,True,PROP_ROOT_PLUS_030,2.45022,MEASURABLE,FINAL_LIDAR_ESTIMATE,47.48,,15.11,47.48,,False,READY_FOR_FIELD_USE,CURRENT_PROTOCOL_FINAL,2.45022,47.48,15.11,,True,CIRCLE,CURRENT_FULL_LAS_REFIT,False,,ACCEPTED,ADAPTIVE_IRREGULAR_ZONE_PLUS_030,2.45,45.63,14.41,,True,CIRCLE,2924,1080,310.0,FULL_SOURCE_LAS_LOCAL_AXIS_REFIT,CONFIRMED,0.00336,False,,data/lidar-measurements/markings/TREE_0017.json
TREE_0018,CONFIRMED,NOT_REVIEWED,NOT_REVIEWED,False,LEGACY_ADAPTIVE_IRREGULAR_ZONE_PLUS_030,1.75,MEASURABLE,PROVISIONAL_PROTOCOL_REVIEW_REQUIRED,,,,59.53,,False,READY_FOR_FIELD_USE,LEGACY_FULL_RESOLUTION_ACCEPTED,1.75,58.38,18.58,,False,CIRCLE,ARCHIVED_FULL_RESOLUTION_FIT,False,,ACCEPTED,ADAPTIVE_IRREGULAR_ZONE_PLUS_030,1.75,58.38,18.58,,False,CIRCLE,1017,648,260.0,FULL_SOURCE_LAS_LOCAL_AXIS_REFIT,CONFIRMED,0.011852,False,,data/lidar-measurements/markings/TREE_0018.json
TREE_0019,UNCERTAIN,NOT_REVIEWED,NOT_REVIEWED,False,SCREENING_AT_1_30,1.3,NEEDS_REVIEW,NEEDS_LIDAR_REVIEW,,,,277.91,88.46,False,CHECK_ON_SITE,FULL_LAS_REVIEW_CANDIDATE,1.3,277.91,88.46,88.46,False,CIRCLE,CURRENT_FULL_LAS_REFIT,False,,NOT_AVAILABLE,,,,,,False,CIRCLE,25421,10591,190.0,FULL_SOURCE_LAS_LOCAL_AXIS_REFIT,CONFIRMED,0.023448,False,FIT_CENTER_INCONSISTENT_WITH_LOCAL_AXIS,data/lidar-measurements/markings/TREE_0019.json
TREE_0020,PROBABLE,NOT_REVIEWED,NOT_REVIEWED,False,SCREENING_AT_1_30,1.3,NEEDS_REVIEW,NEEDS_LIDAR_REVIEW,,,,38.54,12.27,False,CHECK_ON_SITE,FULL_LAS_REVIEW_CANDIDATE,1.3,38.54,12.27,12.27,False,CIRCLE,CURRENT_FULL_LAS_REFIT,False,,NOT_AVAILABLE,,,,,,False,CIRCLE,1811,463,280.0,FULL_SOURCE_LAS_LOCAL_AXIS_REFIT,PROBABLE,0.125931,False,FIT_CENTER_INCONSISTENT_WITH_LOCAL_AXIS,data/lidar-measurements/markings/TREE_0020.json
TREE_0021,UNCERTAIN,NOT_REVIEWED,NOT_REVIEWED,False,SCREENING_AT_1_30,1.3,NEEDS_REVIEW,NEEDS_LIDAR_REVIEW,,,,181.35,57.73,False,CHECK_ON_SITE,FULL_LAS_REVIEW_CANDIDATE,1.3,181.35,57.73,57.73,False,CIRCLE,CURRENT_FULL_LAS_REFIT,False,,NOT_AVAILABLE,,,,,,False,CIRCLE,9903,3043,210.0,FROZEN_PHASE5A_AXIS_FALLBACK,PROBABLE,0.121231,False,FIT_CENTER_INCONSISTENT_WITH_LOCAL_AXIS,data/lidar-measurements/markings/TREE_0021.json
TREE_0022,PROBABLE,NOT_REVIEWED,NOT_REVIEWED,False,SCREENING_AT_1_30,1.3,NEEDS_REVIEW,NEEDS_LIDAR_REVIEW,,,,140.24,44.64,False,CHECK_ON_SITE,FULL_LAS_REVIEW_CANDIDATE,1.3,140.24,44.64,44.64,False,CIRCLE,CURRENT_FULL_LAS_REFIT,False,,NOT_AVAILABLE,,,,,,False,CIRCLE,6780,4111,120.0,FULL_SOURCE_LAS_LOCAL_AXIS_REFIT,PROBABLE,0.132097,False,CIRCLE_ELLIPSE_DISAGREEMENT|FIT_CENTER_INCONSISTENT_WITH_LOCAL_AXIS|POOR_ANGULAR_COVERAGE,data/lidar-measurements/markings/TREE_0022.json
TREE_0023,PROBABLE,NOT_REVIEWED,NOT_REVIEWED,False,SCREENING_AT_1_30,1.3,NEEDS_REVIEW,NEEDS_LIDAR_REVIEW,,,,15.35,4.89,False,CHECK_ON_SITE,FULL_LAS_REVIEW_CANDIDATE,1.3,15.35,4.89,4.89,False,ELLIPSE,CURRENT_FULL_LAS_REFIT,False,,NOT_AVAILABLE,,,,,,False,ELLIPSE,3418,354,170.0,FULL_SOURCE_LAS_LOCAL_AXIS_REFIT,CONFIRMED,0.063255,False,FIT_CENTER_INCONSISTENT_WITH_LOCAL_AXIS,data/lidar-measurements/markings/TREE_0023.json
TREE_0024,PROBABLE,NOT_REVIEWED,NOT_REVIEWED,False,SCREENING_AT_1_30,1.3,MEASURABLE,PROVISIONAL_PROTOCOL_REVIEW_REQUIRED,,,,132.34,42.13,False,EXCLUDED_CONFIRMED_WRONG,HUMAN_OPERATOR_EXCLUSION,1.3,,,,False,CIRCLE,CURRENT_FULL_LAS_REFIT,True,EXCLUDE_CONFIRMED_WRONG,NOT_AVAILABLE,,,,,,False,CIRCLE,3448,1856,200.0,FULL_SOURCE_LAS_LOCAL_AXIS_REFIT,CONFIRMED,0.005181,False,,data/lidar-measurements/markings/TREE_0024.json
TREE_0025,UNCERTAIN,NOT_REVIEWED,NOT_REVIEWED,False,SCREENING_AT_1_30,1.3,NEEDS_REVIEW,NEEDS_LIDAR_REVIEW,,,,210.42,66.98,False,CHECK_ON_SITE,FULL_LAS_REVIEW_CANDIDATE,1.3,210.42,66.98,66.98,False,CIRCLE,CURRENT_FULL_LAS_REFIT,False,,NOT_AVAILABLE,,,,,,False,CIRCLE,7074,3052,330.0,FULL_SOURCE_LAS_LOCAL_AXIS_REFIT,PROBABLE,0.182457,False,FIT_CENTER_INCONSISTENT_WITH_LOCAL_AXIS|LOCAL_AXIS_UNCERTAINTY_TOO_HIGH,data/lidar-measurements/markings/TREE_0025.json
TREE_0026,CONFIRMED,NOT_REVIEWED,NOT_REVIEWED,False,LEGACY_ADAPTIVE_IRREGULAR_ZONE_PLUS_030,1.7,MEASURABLE,PROVISIONAL_PROTOCOL_REVIEW_REQUIRED,,,,42.73,,False,READY_FOR_FIELD_USE,LEGACY_FULL_RESOLUTION_ACCEPTED,1.7,43.43,13.83,,False,CIRCLE,ARCHIVED_FULL_RESOLUTION_FIT,False,,ACCEPTED,ADAPTIVE_IRREGULAR_ZONE_PLUS_030,1.7,43.43,13.83,,False,CIRCLE,1279,743,360.0,FULL_SOURCE_LAS_LOCAL_AXIS_REFIT,CONFIRMED,0.007082,False,,data/lidar-measurements/markings/TREE_0026.json
TREE_0027,UNCERTAIN,NOT_REVIEWED,NOT_REVIEWED,False,SCREENING_AT_1_30,1.3,NEEDS_REVIEW,NEEDS_LIDAR_REVIEW,,,,162.37,51.69,False,CHECK_ON_SITE,FULL_LAS_REVIEW_CANDIDATE,1.3,162.37,51.69,51.69,False,ELLIPSE,CURRENT_FULL_LAS_REFIT,False,,NOT_AVAILABLE,,,,,,False,ELLIPSE,4190,806,240.0,FULL_SOURCE_LAS_LOCAL_AXIS_REFIT,PROBABLE,0.182381,False,FIT_CENTER_INCONSISTENT_WITH_LOCAL_AXIS|LOCAL_AXIS_UNCERTAINTY_TOO_HIGH,data/lidar-measurements/markings/TREE_0027.json
TREE_0028,PROBABLE,NOT_REVIEWED,NOT_REVIEWED,False,SCREENING_AT_1_30,1.3,MEASURABLE,PROVISIONAL_PROTOCOL_REVIEW_REQUIRED,,,,33.97,10.81,False,READY_FOR_FIELD_USE,FULL_LAS_GEOMETRY_ESTIMATE,1.3,33.97,10.81,10.81,False,CIRCLE,CURRENT_FULL_LAS_REFIT,False,,NOT_AVAILABLE,,,,,,False,CIRCLE,1171,652,200.0,FULL_SOURCE_LAS_LOCAL_AXIS_REFIT,CONFIRMED,0.004735,False,,data/lidar-measurements/markings/TREE_0028.json
TREE_0029,UNCERTAIN,NOT_REVIEWED,NOT_REVIEWED,False,SCREENING_AT_1_30,1.3,NEEDS_REVIEW,NEEDS_LIDAR_REVIEW,,,,151.67,48.28,False,CHECK_ON_SITE,FULL_LAS_REVIEW_CANDIDATE,1.3,151.67,48.28,48.28,False,CIRCLE,CURRENT_FULL_LAS_REFIT,False,,NOT_AVAILABLE,,,,,,False,CIRCLE,5608,2380,180.0,FROZEN_PHASE5A_AXIS_FALLBACK,CONFIRMED,0.043258,False,FIT_CENTER_INCONSISTENT_WITH_LOCAL_AXIS|LOCAL_AXIS_NOT_SUPPORTED_AT_MEASUREMENT_HEIGHT,data/lidar-measurements/markings/TREE_0029.json
TREE_0030,PROBABLE,NOT_REVIEWED,NOT_REVIEWED,False,SCREENING_AT_1_30,1.3,NEEDS_REVIEW,NEEDS_LIDAR_REVIEW,,,,130.52,41.54,False,CHECK_ON_SITE,FULL_LAS_REVIEW_CANDIDATE,1.3,130.52,41.54,41.54,False,CIRCLE,CURRENT_FULL_LAS_REFIT,False,,NOT_AVAILABLE,,,,,,False,CIRCLE,2526,1172,280.0,FULL_SOURCE_LAS_LOCAL_AXIS_REFIT,PROBABLE,0.119371,False,FIT_CENTER_INCONSISTENT_WITH_LOCAL_AXIS,data/lidar-measurements/markings/TREE_0030.json
TREE_0031,PROBABLE,NOT_REVIEWED,NOT_REVIEWED,False,SCREENING_AT_1_30,1.3,NEEDS_REVIEW,NEEDS_LIDAR_REVIEW,,,,163.54,52.06,False,CHECK_ON_SITE,FULL_LAS_REVIEW_CANDIDATE,1.3,163.54,52.06,52.06,False,CIRCLE,CURRENT_FULL_LAS_REFIT,False,,NOT_AVAILABLE,,,,,,False,CIRCLE,5001,2480,140.0,FULL_SOURCE_LAS_LOCAL_AXIS_REFIT,PROBABLE,0.100632,False,CIRCLE_ELLIPSE_DISAGREEMENT|FIT_CENTER_INCONSISTENT_WITH_LOCAL_AXIS,data/lidar-measurements/markings/TREE_0031.json
TREE_0032,PROBABLE,NOT_REVIEWED,NOT_REVIEWED,False,SCREENING_AT_1_30,1.3,MEASURABLE,PROVISIONAL_PROTOCOL_REVIEW_REQUIRED,,,,13.82,4.4,False,READY_FOR_FIELD_USE,FULL_LAS_GEOMETRY_ESTIMATE,1.3,13.82,4.4,4.4,False,CIRCLE,CURRENT_FULL_LAS_REFIT,False,,NOT_AVAILABLE,,,,,,False,CIRCLE,4742,2017,360.0,FROZEN_PHASE5A_AXIS_FALLBACK,CONFIRMED,0.042244,False,,data/lidar-measurements/markings/TREE_0032.json
TREE_0033,PROBABLE,NOT_REVIEWED,NOT_REVIEWED,False,SCREENING_AT_1_30,1.3,NEEDS_REVIEW,NEEDS_LIDAR_REVIEW,,,,239.52,76.24,False,CHECK_ON_SITE,FULL_LAS_REVIEW_CANDIDATE,1.3,239.52,76.24,76.24,False,CIRCLE,CURRENT_FULL_LAS_REFIT,False,,NOT_AVAILABLE,,,,,,False,CIRCLE,5639,2993,140.0,FULL_SOURCE_LAS_LOCAL_AXIS_REFIT,CONFIRMED,0.006856,False,CIRCLE_ELLIPSE_DISAGREEMENT|FIT_CENTER_INCONSISTENT_WITH_LOCAL_AXIS,data/lidar-measurements/markings/TREE_0033.json
TREE_0034,UNCERTAIN,NOT_REVIEWED,NOT_REVIEWED,False,SCREENING_AT_1_30,1.3,NEEDS_REVIEW,NEEDS_LIDAR_REVIEW,,,,160.57,51.11,False,CHECK_ON_SITE,FULL_LAS_REVIEW_CANDIDATE,1.3,160.57,51.11,51.11,False,CIRCLE,CURRENT_FULL_LAS_REFIT,False,,NOT_AVAILABLE,,,,,,False,CIRCLE,22108,8263,220.0,FROZEN_PHASE5A_AXIS_FALLBACK,CONFIRMED,0.058427,False,FIT_CENTER_INCONSISTENT_WITH_LOCAL_AXIS|LOCAL_AXIS_NOT_SUPPORTED_AT_MEASUREMENT_HEIGHT,data/lidar-measurements/markings/TREE_0034.json
TREE_0035,CONFIRMED,NOT_REVIEWED,NOT_REVIEWED,False,LEGACY_ADAPTIVE_IRREGULAR_ZONE_PLUS_030,1.65,MEASURABLE,PROVISIONAL_PROTOCOL_REVIEW_REQUIRED,,,,53.36,,False,READY_FOR_FIELD_USE,LEGACY_FULL_RESOLUTION_ACCEPTED,1.65,53.36,16.99,,False,CIRCLE,ARCHIVED_FULL_RESOLUTION_FIT,False,,ACCEPTED,ADAPTIVE_IRREGULAR_ZONE_PLUS_030,1.65,53.36,16.99,,False,CIRCLE,775,704,210.0,FULL_SOURCE_LAS_LOCAL_AXIS_REFIT,CONFIRMED,0.005878,False,,data/lidar-measurements/markings/TREE_0035.json
TREE_0036,UNCERTAIN,NOT_REVIEWED,NOT_REVIEWED,False,SCREENING_AT_1_30,1.3,NEEDS_REVIEW,NEEDS_LIDAR_REVIEW,,,,253.3,80.63,False,CHECK_ON_SITE,FULL_LAS_REVIEW_CANDIDATE,1.3,253.3,80.63,80.63,False,CIRCLE,CURRENT_FULL_LAS_REFIT,False,,NOT_AVAILABLE,,,,,,False,CIRCLE,6916,2690,260.0,FULL_SOURCE_LAS_LOCAL_AXIS_REFIT,PROBABLE,0.107083,False,FIT_CENTER_INCONSISTENT_WITH_LOCAL_AXIS,data/lidar-measurements/markings/TREE_0036.json
TREE_0037,PROBABLE,NOT_REVIEWED,NOT_REVIEWED,False,LEGACY_STANDARD_DBH_1_30,1.3,MEASURABLE,PROVISIONAL_PROTOCOL_REVIEW_REQUIRED,,,,22.04,7.01,True,READY_FOR_FIELD_USE,LEGACY_FULL_RESOLUTION_ACCEPTED,1.3,22.04,7.01,7.01,False,CIRCLE,ARCHIVED_FULL_RESOLUTION_FIT,False,,ACCEPTED,STANDARD_1_30,1.3,22.04,7.01,7.01,False,CIRCLE,2709,2591,340.0,FULL_SOURCE_LAS_LOCAL_AXIS_REFIT,CONFIRMED,0.003366,False,,data/lidar-measurements/markings/TREE_0037.json
TREE_0038,UNCERTAIN,NOT_REVIEWED,NOT_REVIEWED,False,SCREENING_AT_1_30,1.3,NEEDS_REVIEW,NEEDS_LIDAR_REVIEW,,,,226.01,71.94,False,CHECK_ON_SITE,FULL_LAS_REVIEW_CANDIDATE,1.3,226.01,71.94,71.94,False,CIRCLE,CURRENT_FULL_LAS_REFIT,False,,NOT_AVAILABLE,,,,,,False,CIRCLE,9868,3597,190.0,FROZEN_PHASE5A_AXIS_FALLBACK,PROBABLE,0.102637,False,FIT_CENTER_INCONSISTENT_WITH_LOCAL_AXIS,data/lidar-measurements/markings/TREE_0038.json
TREE_0039,PROBABLE,NOT_REVIEWED,NOT_REVIEWED,False,LEGACY_STANDARD_DBH_1_30,1.3,MEASURABLE,PROVISIONAL_PROTOCOL_REVIEW_REQUIRED,,,,30.77,9.8,True,READY_FOR_FIELD_USE,LEGACY_FULL_RESOLUTION_ACCEPTED,1.3,30.78,9.8,9.8,False,CIRCLE,ARCHIVED_FULL_RESOLUTION_FIT,False,,ACCEPTED,STANDARD_1_30,1.3,30.78,9.8,9.8,False,CIRCLE,1203,806,280.0,FULL_SOURCE_LAS_LOCAL_AXIS_REFIT,CONFIRMED,0.003408,False,,data/lidar-measurements/markings/TREE_0039.json
TREE_0040,PROBABLE,NOT_REVIEWED,NOT_REVIEWED,False,SCREENING_AT_1_30,1.3,NEEDS_REVIEW,NEEDS_LIDAR_REVIEW,,,,129.26,41.15,False,CHECK_ON_SITE,FULL_LAS_REVIEW_CANDIDATE,1.3,129.26,41.15,41.15,False,CIRCLE,CURRENT_FULL_LAS_REFIT,False,,NOT_AVAILABLE,,,,,,False,CIRCLE,6612,2286,180.0,FROZEN_PHASE5A_AXIS_FALLBACK,CONFIRMED,0.025408,False,FIT_CENTER_INCONSISTENT_WITH_LOCAL_AXIS,data/lidar-measurements/markings/TREE_0040.json
TREE_0041,PROBABLE,NOT_REVIEWED,NOT_REVIEWED,False,LEGACY_STANDARD_DBH_1_30,1.3,MEASURABLE,PROVISIONAL_PROTOCOL_REVIEW_REQUIRED,,,,19.82,6.31,True,READY_FOR_FIELD_USE,LEGACY_FULL_RESOLUTION_ACCEPTED,1.3,19.83,6.31,6.31,False,CIRCLE,ARCHIVED_FULL_RESOLUTION_FIT,False,,ACCEPTED,STANDARD_1_30,1.3,19.83,6.31,6.31,False,CIRCLE,2450,2157,360.0,FULL_SOURCE_LAS_LOCAL_AXIS_REFIT,CONFIRMED,0.012912,False,,data/lidar-measurements/markings/TREE_0041.json
TREE_0042,UNCERTAIN,NOT_REVIEWED,NOT_REVIEWED,False,SCREENING_AT_1_30,1.3,NEEDS_REVIEW,NEEDS_LIDAR_REVIEW,,,,234.51,74.65,False,CHECK_ON_SITE,FULL_LAS_REVIEW_CANDIDATE,1.3,234.51,74.65,74.65,False,CIRCLE,CURRENT_FULL_LAS_REFIT,False,,NOT_AVAILABLE,,,,,,False,CIRCLE,3384,1286,210.0,FROZEN_PHASE5A_AXIS_FALLBACK,CONFIRMED,0.063734,False,FIT_CENTER_INCONSISTENT_WITH_LOCAL_AXIS|LOCAL_AXIS_NOT_SUPPORTED_AT_MEASUREMENT_HEIGHT,data/lidar-measurements/markings/TREE_0042.json
TREE_0043,PROBABLE,NOT_REVIEWED,NOT_REVIEWED,False,SCREENING_AT_1_30,1.3,NEEDS_REVIEW,NEEDS_LIDAR_REVIEW,,,,13.49,4.29,False,CHECK_ON_SITE,FULL_LAS_REVIEW_CANDIDATE,1.3,13.49,4.29,4.29,False,CIRCLE,CURRENT_FULL_LAS_REFIT,False,,NOT_AVAILABLE,,,,,,False,CIRCLE,1613,34,180.0,FROZEN_PHASE5A_AXIS_FALLBACK,PROBABLE,0.004574,False,FIT_CENTER_INCONSISTENT_WITH_LOCAL_AXIS|LOCAL_AXIS_NOT_SUPPORTED_AT_MEASUREMENT_HEIGHT,data/lidar-measurements/markings/TREE_0043.json
TREE_0044,PROBABLE,NOT_REVIEWED,NOT_REVIEWED,False,LEGACY_STANDARD_DBH_1_30,1.3,MEASURABLE,PROVISIONAL_PROTOCOL_REVIEW_REQUIRED,,,,35.77,11.39,True,READY_FOR_FIELD_USE,LEGACY_FULL_RESOLUTION_ACCEPTED,1.3,35.8,11.4,11.4,False,CIRCLE,ARCHIVED_FULL_RESOLUTION_FIT,False,,ACCEPTED,STANDARD_1_30,1.3,35.8,11.4,11.4,False,CIRCLE,4428,4119,360.0,FULL_SOURCE_LAS_LOCAL_AXIS_REFIT,CONFIRMED,0.00409,False,,data/lidar-measurements/markings/TREE_0044.json
TREE_0045,UNCERTAIN,NOT_REVIEWED,NOT_REVIEWED,False,SCREENING_AT_1_30,1.3,NEEDS_REVIEW,NEEDS_LIDAR_REVIEW,,,,165.49,52.68,False,CHECK_ON_SITE,FULL_LAS_REVIEW_CANDIDATE,1.3,165.49,52.68,52.68,False,CIRCLE,CURRENT_FULL_LAS_REFIT,False,,NOT_AVAILABLE,,,,,,False,CIRCLE,6458,3025,130.0,FULL_SOURCE_LAS_LOCAL_AXIS_REFIT,PROBABLE,0.112884,False,CIRCLE_ELLIPSE_DISAGREEMENT|FIT_CENTER_INCONSISTENT_WITH_LOCAL_AXIS|POOR_ANGULAR_COVERAGE,data/lidar-measurements/markings/TREE_0045.json
TREE_0046,PROBABLE,NOT_REVIEWED,NOT_REVIEWED,False,SCREENING_AT_1_30,1.3,NEEDS_REVIEW,NEEDS_LIDAR_REVIEW,,,,109.93,34.99,False,CHECK_ON_SITE,FULL_LAS_REVIEW_CANDIDATE,1.3,109.93,34.99,34.99,False,CIRCLE,CURRENT_FULL_LAS_REFIT,False,,NOT_AVAILABLE,,,,,,False,CIRCLE,5680,2572,150.0,FULL_SOURCE_LAS_LOCAL_AXIS_REFIT,CONFIRMED,0.001506,False,CIRCLE_ELLIPSE_DISAGREEMENT|FIT_CENTER_INCONSISTENT_WITH_LOCAL_AXIS,data/lidar-measurements/markings/TREE_0046.json
TREE_0047,UNCERTAIN,NOT_REVIEWED,NOT_REVIEWED,False,SCREENING_AT_1_30,1.3,NEEDS_REVIEW,NEEDS_LIDAR_REVIEW,,,,47.74,15.2,False,CHECK_ON_SITE,FULL_LAS_REVIEW_CANDIDATE,1.3,47.74,15.2,15.2,False,ELLIPSE,CURRENT_FULL_LAS_REFIT,False,,NOT_AVAILABLE,,,,,,False,ELLIPSE,1793,802,90.0,FULL_SOURCE_LAS_LOCAL_AXIS_REFIT,CONFIRMED,0.06552,False,CIRCLE_ELLIPSE_DISAGREEMENT|POOR_ANGULAR_COVERAGE,data/lidar-measurements/markings/TREE_0047.json
TREE_0048,CONFIRMED,NOT_REVIEWED,NOT_REVIEWED,False,LEGACY_ADAPTIVE_IRREGULAR_ZONE_PLUS_030,3.1,MEASURABLE,PROVISIONAL_PROTOCOL_REVIEW_REQUIRED,,,,50.85,,False,READY_FOR_FIELD_USE,LEGACY_FULL_RESOLUTION_ACCEPTED,3.1,51.13,16.27,,False,CIRCLE,ARCHIVED_FULL_RESOLUTION_FIT,False,,ACCEPTED,ADAPTIVE_IRREGULAR_ZONE_PLUS_030,3.1,51.13,16.27,,False,CIRCLE,654,432,360.0,FULL_SOURCE_LAS_LOCAL_AXIS_REFIT,CONFIRMED,0.018918,False,,data/lidar-measurements/markings/TREE_0048.json
TREE_0049,PROBABLE,NOT_REVIEWED,NOT_REVIEWED,False,SCREENING_AT_1_30,1.3,NEEDS_REVIEW,NEEDS_LIDAR_REVIEW,,,,49.65,15.8,False,CHECK_ON_SITE,FULL_LAS_REVIEW_CANDIDATE,1.3,49.65,15.8,15.8,False,CIRCLE,CURRENT_FULL_LAS_REFIT,False,,NOT_AVAILABLE,,,,,,False,CIRCLE,2193,933,150.0,FULL_SOURCE_LAS_LOCAL_AXIS_REFIT,PROBABLE,0.091896,False,CIRCLE_ELLIPSE_DISAGREEMENT|FIT_CENTER_INCONSISTENT_WITH_LOCAL_AXIS,data/lidar-measurements/markings/TREE_0049.json
TREE_0050,CONFIRMED,NOT_REVIEWED,NOT_REVIEWED,False,LEGACY_STANDARD_DBH_1_30,1.3,MEASURABLE,PROVISIONAL_PROTOCOL_REVIEW_REQUIRED,,,,17.6,5.6,True,READY_FOR_FIELD_USE,LEGACY_FULL_RESOLUTION_ACCEPTED,1.3,17.61,5.6,5.6,False,CIRCLE,ARCHIVED_FULL_RESOLUTION_FIT,False,,ACCEPTED,STANDARD_1_30,1.3,17.61,5.6,5.6,False,CIRCLE,827,754,340.0,FULL_SOURCE_LAS_LOCAL_AXIS_REFIT,CONFIRMED,0.00505,False,,data/lidar-measurements/markings/TREE_0050.json
TREE_0051,PROBABLE,NOT_REVIEWED,NOT_REVIEWED,False,SCREENING_AT_1_30,1.3,NEEDS_REVIEW,NEEDS_LIDAR_REVIEW,,,,207.37,66.01,False,CHECK_ON_SITE,FULL_LAS_REVIEW_CANDIDATE,1.3,207.37,66.01,66.01,False,CIRCLE,CURRENT_FULL_LAS_REFIT,False,,NOT_AVAILABLE,,,,,,False,CIRCLE,4361,1472,260.0,FROZEN_PHASE5A_AXIS_FALLBACK,CONFIRMED,0.015091,False,FIT_CENTER_INCONSISTENT_WITH_LOCAL_AXIS|LOCAL_AXIS_NOT_SUPPORTED_AT_MEASUREMENT_HEIGHT,data/lidar-measurements/markings/TREE_0051.json
TREE_0052,PROBABLE,NOT_REVIEWED,NOT_REVIEWED,False,SCREENING_AT_1_30,1.3,NEEDS_REVIEW,NEEDS_LIDAR_REVIEW,,,,178.16,56.71,False,CHECK_ON_SITE,FULL_LAS_REVIEW_CANDIDATE,1.3,178.16,56.71,56.71,False,CIRCLE,CURRENT_FULL_LAS_REFIT,False,,NOT_AVAILABLE,,,,,,False,CIRCLE,5244,2971,160.0,FULL_SOURCE_LAS_LOCAL_AXIS_REFIT,PROBABLE,0.182881,False,CIRCLE_ELLIPSE_DISAGREEMENT|FIT_CENTER_INCONSISTENT_WITH_LOCAL_AXIS|LOCAL_AXIS_UNCERTAINTY_TOO_HIGH,data/lidar-measurements/markings/TREE_0052.json
TREE_0053,PROBABLE,NOT_REVIEWED,NOT_REVIEWED,False,SCREENING_AT_1_30,1.3,NEEDS_REVIEW,NEEDS_LIDAR_REVIEW,,,,18.3,5.82,False,CHECK_ON_SITE,FULL_LAS_REVIEW_CANDIDATE,1.3,18.3,5.82,5.82,False,CIRCLE,CURRENT_FULL_LAS_REFIT,False,,NOT_AVAILABLE,,,,,,False,CIRCLE,2452,1898,210.0,FULL_SOURCE_LAS_LOCAL_AXIS_REFIT,CONFIRMED,0.011017,False,CIRCLE_ELLIPSE_DISAGREEMENT,data/lidar-measurements/markings/TREE_0053.json
TREE_0054,PROBABLE,NOT_REVIEWED,NOT_REVIEWED,False,SCREENING_AT_1_30,1.3,MEASURABLE,PROVISIONAL_PROTOCOL_REVIEW_REQUIRED,,,,31.31,9.97,False,READY_FOR_FIELD_USE,FULL_LAS_GEOMETRY_ESTIMATE,1.3,31.31,9.97,9.97,False,CIRCLE,CURRENT_FULL_LAS_REFIT,False,,NOT_AVAILABLE,,,,,,False,CIRCLE,4857,2844,320.0,FULL_SOURCE_LAS_LOCAL_AXIS_REFIT,CONFIRMED,0.003456,False,,data/lidar-measurements/markings/TREE_0054.json
TREE_0055,PROBABLE,NOT_REVIEWED,NOT_REVIEWED,False,SCREENING_AT_1_30,1.3,MEASURABLE,PROVISIONAL_PROTOCOL_REVIEW_REQUIRED,,,,26.54,8.45,False,READY_FOR_FIELD_USE,FULL_LAS_GEOMETRY_ESTIMATE,1.3,26.54,8.45,8.45,False,CIRCLE,CURRENT_FULL_LAS_REFIT,False,,NOT_AVAILABLE,,,,,,False,CIRCLE,285,227,280.0,FULL_SOURCE_LAS_LOCAL_AXIS_REFIT,CONFIRMED,0.015456,False,,data/lidar-measurements/markings/TREE_0055.json
TREE_0056,UNCERTAIN,NOT_REVIEWED,NOT_REVIEWED,False,LEGACY_STANDARD_DBH_1_30,1.3,MEASURABLE,PROVISIONAL_PROTOCOL_REVIEW_REQUIRED,,,,127.78,40.67,True,EXCLUDED_CONFIRMED_WRONG,HUMAN_OPERATOR_EXCLUSION,1.3,,,,False,CIRCLE,ARCHIVED_FULL_RESOLUTION_FIT,True,EXCLUDE_CONFIRMED_WRONG,ACCEPTED,STANDARD_1_30,1.3,128.19,40.81,40.81,False,CIRCLE,7706,5960,200.0,FULL_SOURCE_LAS_LOCAL_AXIS_REFIT,CONFIRMED,0.028713,False,,data/lidar-measurements/markings/TREE_0056.json
TREE_0057,PROBABLE,NOT_REVIEWED,NOT_REVIEWED,False,SCREENING_AT_1_30,1.3,MEASURABLE,PROVISIONAL_PROTOCOL_REVIEW_REQUIRED,,,,14.04,4.47,False,READY_FOR_FIELD_USE,FULL_LAS_GEOMETRY_ESTIMATE,1.3,14.04,4.47,4.47,False,CIRCLE,CURRENT_FULL_LAS_REFIT,False,,NOT_AVAILABLE,,,,,,False,CIRCLE,2613,1609,360.0,FULL_SOURCE_LAS_LOCAL_AXIS_REFIT,CONFIRMED,0.006114,False,,data/lidar-measurements/markings/TREE_0057.json
TREE_0058,UNCERTAIN,NOT_REVIEWED,NOT_REVIEWED,False,SCREENING_AT_1_30,1.3,NEEDS_REVIEW,NEEDS_LIDAR_REVIEW,,,,214.2,68.18,False,CHECK_ON_SITE,FULL_LAS_REVIEW_CANDIDATE,1.3,214.2,68.18,68.18,False,CIRCLE,CURRENT_FULL_LAS_REFIT,False,,NOT_AVAILABLE,,,,,,False,CIRCLE,4840,2314,310.0,FROZEN_PHASE5A_AXIS_FALLBACK,PROBABLE,0.121779,False,FIT_CENTER_INCONSISTENT_WITH_LOCAL_AXIS,data/lidar-measurements/markings/TREE_0058.json
TREE_0059,CONFIRMED,NOT_REVIEWED,NOT_REVIEWED,False,SCREENING_AT_1_30,1.3,NEEDS_REVIEW,NEEDS_LIDAR_REVIEW,,,,201.6,64.17,False,CHECK_ON_SITE,FULL_LAS_REVIEW_CANDIDATE,1.3,201.6,64.17,64.17,False,CIRCLE,CURRENT_FULL_LAS_REFIT,False,,NOT_AVAILABLE,,,,,,False,CIRCLE,4455,3158,130.0,FULL_SOURCE_LAS_LOCAL_AXIS_REFIT,PROBABLE,0.286295,False,CIRCLE_ELLIPSE_DISAGREEMENT|FIT_CENTER_INCONSISTENT_WITH_LOCAL_AXIS|LOCAL_AXIS_UNCERTAINTY_TOO_HIGH|POOR_ANGULAR_COVERAGE,data/lidar-measurements/markings/TREE_0059.json
TREE_0060,UNCERTAIN,NOT_REVIEWED,NOT_REVIEWED,False,SCREENING_AT_1_30,1.3,NEEDS_REVIEW,NEEDS_LIDAR_REVIEW,,,,195.12,62.11,False,CHECK_ON_SITE,FULL_LAS_REVIEW_CANDIDATE,1.3,195.12,62.11,62.11,False,CIRCLE,CURRENT_FULL_LAS_REFIT,False,,NOT_AVAILABLE,,,,,,False,CIRCLE,6849,2267,290.0,FULL_SOURCE_LAS_LOCAL_AXIS_REFIT,PROBABLE,0.097709,False,FIT_CENTER_INCONSISTENT_WITH_LOCAL_AXIS,data/lidar-measurements/markings/TREE_0060.json
TREE_0061,UNCERTAIN,NOT_REVIEWED,NOT_REVIEWED,False,LEGACY_STANDARD_DBH_1_30,1.3,MEASURABLE,PROVISIONAL_PROTOCOL_REVIEW_REQUIRED,,,,28.99,9.23,True,READY_FOR_FIELD_USE,LEGACY_FULL_RESOLUTION_ACCEPTED,1.3,29.12,9.27,9.27,False,CIRCLE,ARCHIVED_FULL_RESOLUTION_FIT,False,,ACCEPTED,STANDARD_1_30,1.3,29.12,9.27,9.27,False,CIRCLE,4411,3609,360.0,FULL_SOURCE_LAS_LOCAL_AXIS_REFIT,CONFIRMED,0.00578,False,,data/lidar-measurements/markings/TREE_0061.json
TREE_0062,CONFIRMED,NOT_REVIEWED,PROTOCOL_APPLICABILITY_UNCERTAIN,False,LEGACY_STANDARD_DBH_1_30,1.3,NEEDS_REVIEW,NEEDS_LIDAR_REVIEW,,,,22.35,7.11,True,READY_FOR_FIELD_USE,LEGACY_FULL_RESOLUTION_ACCEPTED,1.3,22.0,5.96,5.96,False,ELLIPSE,ARCHIVED_FULL_RESOLUTION_FIT,False,,ACCEPTED,STANDARD_1_30,1.3,22.0,5.96,5.96,False,ELLIPSE,1802,1352,170.0,FULL_SOURCE_LAS_LOCAL_AXIS_REFIT,CONFIRMED,0.019258,False,CIRCLE_ELLIPSE_DISAGREEMENT,data/lidar-measurements/markings/TREE_0062.json
TREE_0063,PROBABLE,NOT_REVIEWED,NOT_REVIEWED,False,SCREENING_AT_1_30,1.3,NEEDS_REVIEW,NEEDS_LIDAR_REVIEW,,,,132.37,42.13,False,CHECK_ON_SITE,FULL_LAS_REVIEW_CANDIDATE,1.3,132.37,42.13,42.13,False,CIRCLE,CURRENT_FULL_LAS_REFIT,False,,NOT_AVAILABLE,,,,,,False,CIRCLE,1905,733,140.0,FULL_SOURCE_LAS_LOCAL_AXIS_REFIT,PROBABLE,0.201685,False,CIRCLE_ELLIPSE_DISAGREEMENT|FIT_CENTER_INCONSISTENT_WITH_LOCAL_AXIS|LOCAL_AXIS_UNCERTAINTY_TOO_HIGH,data/lidar-measurements/markings/TREE_0063.json
TREE_0064,UNCERTAIN,NOT_REVIEWED,NOT_REVIEWED,False,SCREENING_AT_1_30,1.3,NEEDS_REVIEW,NEEDS_LIDAR_REVIEW,,,,119.94,38.18,False,CHECK_ON_SITE,FULL_LAS_REVIEW_CANDIDATE,1.3,119.94,38.18,38.18,False,CIRCLE,CURRENT_FULL_LAS_REFIT,False,,NOT_AVAILABLE,,,,,,False,CIRCLE,4394,912,210.0,FROZEN_PHASE5A_AXIS_FALLBACK,CONFIRMED,0.066813,False,FIT_CENTER_INCONSISTENT_WITH_LOCAL_AXIS|LOCAL_AXIS_NOT_SUPPORTED_AT_MEASUREMENT_HEIGHT,data/lidar-measurements/markings/TREE_0064.json
TREE_0065,UNCERTAIN,NOT_REVIEWED,NOT_REVIEWED,False,LEGACY_STANDARD_DBH_1_30,1.3,MEASURABLE,PROVISIONAL_PROTOCOL_REVIEW_REQUIRED,,,,40.4,12.86,True,READY_FOR_FIELD_USE,LEGACY_FULL_RESOLUTION_ACCEPTED,1.3,40.33,12.84,12.84,False,CIRCLE,ARCHIVED_FULL_RESOLUTION_FIT,False,,ACCEPTED,STANDARD_1_30,1.3,40.33,12.84,12.84,False,CIRCLE,2434,1965,240.0,FULL_SOURCE_LAS_LOCAL_AXIS_REFIT,CONFIRMED,0.03277,False,,data/lidar-measurements/markings/TREE_0065.json
TREE_0066,PROBABLE,NOT_REVIEWED,NOT_REVIEWED,False,SCREENING_AT_1_30,1.3,NEEDS_REVIEW,NEEDS_LIDAR_REVIEW,,,,275.3,87.63,False,CHECK_ON_SITE,FULL_LAS_REVIEW_CANDIDATE,1.3,275.3,87.63,87.63,False,CIRCLE,CURRENT_FULL_LAS_REFIT,False,,NOT_AVAILABLE,,,,,,False,CIRCLE,8088,5174,220.0,FULL_SOURCE_LAS_LOCAL_AXIS_REFIT,CONFIRMED,0.026218,False,FIT_CENTER_INCONSISTENT_WITH_LOCAL_AXIS,data/lidar-measurements/markings/TREE_0066.json
TREE_0067,UNCERTAIN,NOT_REVIEWED,NOT_REVIEWED,False,SCREENING_AT_1_30,1.3,NEEDS_REVIEW,NEEDS_LIDAR_REVIEW,,,,182.58,58.12,False,CHECK_ON_SITE,FULL_LAS_REVIEW_CANDIDATE,1.3,182.58,58.12,58.12,False,CIRCLE,CURRENT_FULL_LAS_REFIT,False,,NOT_AVAILABLE,,,,,,False,CIRCLE,5936,1162,250.0,FROZEN_PHASE5A_AXIS_FALLBACK,PROBABLE,0.044777,False,FIT_CENTER_INCONSISTENT_WITH_LOCAL_AXIS,data/lidar-measurements/markings/TREE_0067.json
TREE_0068,PROBABLE,NOT_REVIEWED,NOT_REVIEWED,False,SCREENING_AT_1_30,1.3,MEASURABLE,PROVISIONAL_PROTOCOL_REVIEW_REQUIRED,,,,29.58,9.42,False,READY_FOR_FIELD_USE,FULL_LAS_GEOMETRY_ESTIMATE,1.3,29.58,9.42,9.42,False,CIRCLE,CURRENT_FULL_LAS_REFIT,False,,NOT_AVAILABLE,,,,,,False,CIRCLE,3958,3300,360.0,FULL_SOURCE_LAS_LOCAL_AXIS_REFIT,CONFIRMED,0.006508,False,,data/lidar-measurements/markings/TREE_0068.json
TREE_0069,UNCERTAIN,NOT_REVIEWED,NOT_REVIEWED,False,LEGACY_STANDARD_DBH_1_30,1.3,MEASURABLE,PROVISIONAL_PROTOCOL_REVIEW_REQUIRED,,,,25.75,8.2,True,READY_FOR_FIELD_USE,LEGACY_FULL_RESOLUTION_ACCEPTED,1.3,25.91,8.15,8.15,False,ELLIPSE,ARCHIVED_FULL_RESOLUTION_FIT,False,,ACCEPTED,STANDARD_1_30,1.3,25.91,8.15,8.15,False,ELLIPSE,3084,2368,350.0,FULL_SOURCE_LAS_LOCAL_AXIS_REFIT,CONFIRMED,0.003706,False,,data/lidar-measurements/markings/TREE_0069.json
TREE_0070,PROBABLE,NOT_REVIEWED,NOT_REVIEWED,False,SCREENING_AT_1_30,1.3,NEEDS_REVIEW,NEEDS_LIDAR_REVIEW,,,,332.32,105.78,False,CHECK_ON_SITE,FULL_LAS_REVIEW_CANDIDATE,1.3,332.32,105.78,105.78,False,CIRCLE,CURRENT_FULL_LAS_REFIT,False,,NOT_AVAILABLE,,,,,,False,CIRCLE,5817,2598,130.0,FROZEN_PHASE5A_AXIS_FALLBACK,PROBABLE,0.021931,False,CIRCLE_ELLIPSE_DISAGREEMENT|FIT_CENTER_INCONSISTENT_WITH_LOCAL_AXIS|LOCAL_AXIS_NOT_SUPPORTED_AT_MEASUREMENT_HEIGHT|POOR_ANGULAR_COVERAGE,data/lidar-measurements/markings/TREE_0070.json
TREE_0071,UNCERTAIN,NOT_REVIEWED,NOT_REVIEWED,False,SCREENING_AT_1_30,1.3,NEEDS_REVIEW,NEEDS_LIDAR_REVIEW,,,,209.01,66.53,False,CHECK_ON_SITE,FULL_LAS_REVIEW_CANDIDATE,1.3,209.01,66.53,66.53,False,CIRCLE,CURRENT_FULL_LAS_REFIT,False,,NOT_AVAILABLE,,,,,,False,CIRCLE,5266,2701,220.0,FROZEN_PHASE5A_AXIS_FALLBACK,CONFIRMED,0.011193,False,FIT_CENTER_INCONSISTENT_WITH_LOCAL_AXIS,data/lidar-measurements/markings/TREE_0071.json
TREE_0072,PROBABLE,NOT_REVIEWED,NOT_REVIEWED,False,SCREENING_AT_1_30,1.3,NEEDS_REVIEW,NEEDS_LIDAR_REVIEW,,,,129.6,41.25,False,CHECK_ON_SITE,FULL_LAS_REVIEW_CANDIDATE,1.3,129.6,41.25,41.25,False,CIRCLE,CURRENT_FULL_LAS_REFIT,False,,NOT_AVAILABLE,,,,,,False,CIRCLE,1628,617,100.0,FULL_SOURCE_LAS_LOCAL_AXIS_REFIT,PROBABLE,0.142882,False,CIRCLE_ELLIPSE_DISAGREEMENT|FIT_CENTER_INCONSISTENT_WITH_LOCAL_AXIS|POOR_ANGULAR_COVERAGE,data/lidar-measurements/markings/TREE_0072.json
TREE_0073,PROBABLE,NOT_REVIEWED,NOT_REVIEWED,False,LEGACY_STANDARD_DBH_1_30,1.3,MEASURABLE,PROVISIONAL_PROTOCOL_REVIEW_REQUIRED,,,,25.89,8.24,True,READY_FOR_FIELD_USE,LEGACY_FULL_RESOLUTION_ACCEPTED,1.3,25.94,8.16,8.16,False,ELLIPSE,ARCHIVED_FULL_RESOLUTION_FIT,False,,ACCEPTED,STANDARD_1_30,1.3,25.94,8.16,8.16,False,ELLIPSE,3114,2398,350.0,FULL_SOURCE_LAS_LOCAL_AXIS_REFIT,CONFIRMED,0.003354,False,,data/lidar-measurements/markings/TREE_0073.json
TREE_0074,CONFIRMED,NOT_REVIEWED,NOT_REVIEWED,False,LEGACY_STANDARD_DBH_1_30,1.3,MEASURABLE,PROVISIONAL_PROTOCOL_REVIEW_REQUIRED,,,,25.96,8.26,True,READY_FOR_FIELD_USE,LEGACY_FULL_RESOLUTION_ACCEPTED,1.3,25.84,8.13,8.13,False,ELLIPSE,ARCHIVED_FULL_RESOLUTION_FIT,False,,ACCEPTED,STANDARD_1_30,1.3,25.84,8.13,8.13,False,ELLIPSE,3092,2378,360.0,FULL_SOURCE_LAS_LOCAL_AXIS_REFIT,CONFIRMED,0.003224,False,,data/lidar-measurements/markings/TREE_0074.json
TREE_0075,CONFIRMED,NOT_REVIEWED,NOT_REVIEWED,False,LEGACY_STANDARD_DBH_1_30,1.3,MEASURABLE,PROVISIONAL_PROTOCOL_REVIEW_REQUIRED,,,,27.14,8.64,True,READY_FOR_FIELD_USE,LEGACY_FULL_RESOLUTION_ACCEPTED,1.3,27.1,8.63,8.63,False,CIRCLE,ARCHIVED_FULL_RESOLUTION_FIT,False,,ACCEPTED,STANDARD_1_30,1.3,27.1,8.63,8.63,False,CIRCLE,3116,3024,310.0,FULL_SOURCE_LAS_LOCAL_AXIS_REFIT,CONFIRMED,0.007593,False,,data/lidar-measurements/markings/TREE_0075.json
TREE_0076,CONFIRMED,NOT_REVIEWED,NOT_REVIEWED,False,LEGACY_STANDARD_DBH_1_30,1.3,MEASURABLE,PROVISIONAL_PROTOCOL_REVIEW_REQUIRED,,,,25.56,8.14,True,READY_FOR_FIELD_USE,LEGACY_FULL_RESOLUTION_ACCEPTED,1.3,25.4,8.08,8.08,False,CIRCLE,ARCHIVED_FULL_RESOLUTION_FIT,False,,ACCEPTED,STANDARD_1_30,1.3,25.4,8.08,8.08,False,CIRCLE,2181,2056,360.0,FULL_SOURCE_LAS_LOCAL_AXIS_REFIT,CONFIRMED,0.00209,False,,data/lidar-measurements/markings/TREE_0076.json
TREE_0077,PROBABLE,NOT_REVIEWED,NOT_REVIEWED,False,SCREENING_AT_1_30,1.3,NEEDS_REVIEW,NEEDS_LIDAR_REVIEW,,,,127.62,40.62,False,CHECK_ON_SITE,FULL_LAS_REVIEW_CANDIDATE,1.3,127.62,40.62,40.62,False,CIRCLE,CURRENT_FULL_LAS_REFIT,False,,NOT_AVAILABLE,,,,,,False,CIRCLE,2416,1190,220.0,FULL_SOURCE_LAS_LOCAL_AXIS_REFIT,PROBABLE,0.153852,False,FIT_CENTER_INCONSISTENT_WITH_LOCAL_AXIS|LOCAL_AXIS_UNCERTAINTY_TOO_HIGH,data/lidar-measurements/markings/TREE_0077.json
TREE_0078,PROBABLE,NOT_REVIEWED,NOT_REVIEWED,False,SCREENING_AT_1_30,1.3,NEEDS_REVIEW,NEEDS_LIDAR_REVIEW,,,,127.02,40.43,False,CHECK_ON_SITE,FULL_LAS_REVIEW_CANDIDATE,1.3,127.02,40.43,40.43,False,CIRCLE,CURRENT_FULL_LAS_REFIT,False,,NOT_AVAILABLE,,,,,,False,CIRCLE,3247,1336,230.0,FULL_SOURCE_LAS_LOCAL_AXIS_REFIT,PROBABLE,0.218003,False,LOCAL_AXIS_UNCERTAINTY_TOO_HIGH,data/lidar-measurements/markings/TREE_0078.json
TREE_0079,PROBABLE,NOT_REVIEWED,NOT_REVIEWED,False,SCREENING_AT_1_30,1.3,MEASURABLE,PROVISIONAL_PROTOCOL_REVIEW_REQUIRED,,,,104.95,33.41,False,EXCLUDED_CONFIRMED_WRONG,HUMAN_OPERATOR_EXCLUSION,1.3,,,,False,CIRCLE,CURRENT_FULL_LAS_REFIT,True,EXCLUDE_CONFIRMED_WRONG,NOT_AVAILABLE,,,,,,False,CIRCLE,7104,2058,210.0,FULL_SOURCE_LAS_LOCAL_AXIS_REFIT,CONFIRMED,0.052906,False,,data/lidar-measurements/markings/TREE_0079.json
TREE_0080,UNCERTAIN,NOT_REVIEWED,NOT_REVIEWED,False,SCREENING_AT_1_30,1.3,NEEDS_REVIEW,NEEDS_LIDAR_REVIEW,,,,65.55,20.86,False,CHECK_ON_SITE,FULL_LAS_REVIEW_CANDIDATE,1.3,65.55,20.86,20.86,False,CIRCLE,CURRENT_FULL_LAS_REFIT,False,,NOT_AVAILABLE,,,,,,False,CIRCLE,4026,2990,160.0,FULL_SOURCE_LAS_LOCAL_AXIS_REFIT,CONFIRMED,0.011765,False,CIRCLE_ELLIPSE_DISAGREEMENT,data/lidar-measurements/markings/TREE_0080.json
TREE_0081,CONFIRMED,NOT_REVIEWED,NOT_REVIEWED,False,LEGACY_STANDARD_DBH_1_30,1.3,MEASURABLE,PROVISIONAL_PROTOCOL_REVIEW_REQUIRED,,,,23.47,7.47,True,READY_FOR_FIELD_USE,LEGACY_FULL_RESOLUTION_ACCEPTED,1.3,23.34,7.43,7.43,False,CIRCLE,ARCHIVED_FULL_RESOLUTION_FIT,False,,ACCEPTED,STANDARD_1_30,1.3,23.34,7.43,7.43,False,CIRCLE,1653,1073,330.0,FULL_SOURCE_LAS_LOCAL_AXIS_REFIT,CONFIRMED,0.036521,False,,data/lidar-measurements/markings/TREE_0081.json
TREE_0082,CONFIRMED,NOT_REVIEWED,NOT_REVIEWED,False,SCREENING_AT_1_30,1.3,MEASURABLE,PROVISIONAL_PROTOCOL_REVIEW_REQUIRED,,,,21.94,6.98,False,READY_FOR_FIELD_USE,FULL_LAS_GEOMETRY_ESTIMATE,1.3,21.94,6.98,6.98,False,CIRCLE,CURRENT_FULL_LAS_REFIT,False,,NOT_AVAILABLE,,,,,,False,CIRCLE,4983,3140,360.0,FULL_SOURCE_LAS_LOCAL_AXIS_REFIT,CONFIRMED,0.002791,False,,data/lidar-measurements/markings/TREE_0082.json
TREE_0083,CONFIRMED,NOT_REVIEWED,NOT_REVIEWED,False,LEGACY_ADAPTIVE_IRREGULAR_ZONE_PLUS_030,2.95,MEASURABLE,PROVISIONAL_PROTOCOL_REVIEW_REQUIRED,,,,18.28,,False,READY_FOR_FIELD_USE,LEGACY_FULL_RESOLUTION_ACCEPTED,2.95,18.31,5.83,,False,CIRCLE,ARCHIVED_FULL_RESOLUTION_FIT,False,,ACCEPTED,ADAPTIVE_IRREGULAR_ZONE_PLUS_030,2.95,18.31,5.83,,False,CIRCLE,554,461,360.0,FULL_SOURCE_LAS_LOCAL_AXIS_REFIT,CONFIRMED,0.004429,False,,data/lidar-measurements/markings/TREE_0083.json
TREE_0084,PROBABLE,NOT_REVIEWED,NOT_REVIEWED,False,SCREENING_AT_1_30,1.3,NEEDS_REVIEW,NEEDS_LIDAR_REVIEW,,,,121.44,38.65,False,CHECK_ON_SITE,FULL_LAS_REVIEW_CANDIDATE,1.3,121.44,38.65,38.65,False,CIRCLE,CURRENT_FULL_LAS_REFIT,False,,NOT_AVAILABLE,,,,,,False,CIRCLE,6491,3296,120.0,FULL_SOURCE_LAS_LOCAL_AXIS_REFIT,CONFIRMED,0.04917,False,FIT_CENTER_INCONSISTENT_WITH_LOCAL_AXIS|POOR_ANGULAR_COVERAGE,data/lidar-measurements/markings/TREE_0084.json
TREE_0085,PROBABLE,NOT_REVIEWED,NOT_REVIEWED,False,SCREENING_AT_1_30,1.3,NEEDS_REVIEW,NEEDS_LIDAR_REVIEW,,,,291.84,92.9,False,CHECK_ON_SITE,FULL_LAS_REVIEW_CANDIDATE,1.3,291.84,92.9,92.9,False,CIRCLE,CURRENT_FULL_LAS_REFIT,False,,NOT_AVAILABLE,,,,,,False,CIRCLE,3872,1417,190.0,FROZEN_PHASE5A_AXIS_FALLBACK,CONFIRMED,0.011695,False,FIT_CENTER_INCONSISTENT_WITH_LOCAL_AXIS|LOCAL_AXIS_NOT_SUPPORTED_AT_MEASUREMENT_HEIGHT,data/lidar-measurements/markings/TREE_0085.json
TREE_0086,UNCERTAIN,FALSE_POSITIVE,NOT_REVIEWED,False,SCREENING_AT_1_30,1.3,NEEDS_REVIEW,NEEDS_LIDAR_REVIEW,,,,21.13,6.73,False,CHECK_ON_SITE,FULL_LAS_REVIEW_CANDIDATE,1.3,21.13,6.73,6.73,False,CIRCLE,CURRENT_FULL_LAS_REFIT,False,,NOT_AVAILABLE,,,,,,False,CIRCLE,3957,2203,310.0,FROZEN_PHASE5A_AXIS_FALLBACK,CONFIRMED,0.061397,False,FIT_CENTER_INCONSISTENT_WITH_LOCAL_AXIS|LOCAL_AXIS_NOT_SUPPORTED_AT_MEASUREMENT_HEIGHT,data/lidar-measurements/markings/TREE_0086.json
TREE_0087,PROBABLE,FALSE_POSITIVE,NOT_REVIEWED,False,SCREENING_AT_1_30,1.3,NEEDS_REVIEW,NEEDS_LIDAR_REVIEW,,,,164.36,52.32,False,CHECK_ON_SITE,FULL_LAS_REVIEW_CANDIDATE,1.3,164.36,52.32,52.32,False,CIRCLE,CURRENT_FULL_LAS_REFIT,False,,NOT_AVAILABLE,,,,,,False,CIRCLE,6817,3052,290.0,FROZEN_PHASE5A_AXIS_FALLBACK,CONFIRMED,0.040589,False,FIT_CENTER_INCONSISTENT_WITH_LOCAL_AXIS,data/lidar-measurements/markings/TREE_0087.json
TREE_0088,UNCERTAIN,FALSE_POSITIVE,NOT_REVIEWED,False,SCREENING_AT_1_30,1.3,MEASURABLE,PROVISIONAL_PROTOCOL_REVIEW_REQUIRED,,,,286.14,91.08,False,EXCLUDED_CONFIRMED_WRONG,HUMAN_OPERATOR_EXCLUSION,1.3,,,,False,CIRCLE,CURRENT_FULL_LAS_REFIT,True,EXCLUDE_CONFIRMED_WRONG,NOT_AVAILABLE,,,,,,False,CIRCLE,8168,4145,320.0,FULL_SOURCE_LAS_LOCAL_AXIS_REFIT,CONFIRMED,0.073317,False,,data/lidar-measurements/markings/TREE_0088.json
TREE_0089,UNCERTAIN,FALSE_POSITIVE,NOT_REVIEWED,False,SCREENING_AT_1_30,1.3,NEEDS_REVIEW,NEEDS_LIDAR_REVIEW,,,,55.52,17.67,False,CHECK_ON_SITE,FULL_LAS_REVIEW_CANDIDATE,1.3,55.52,17.67,17.67,False,CIRCLE,CURRENT_FULL_LAS_REFIT,False,,NOT_AVAILABLE,,,,,,False,CIRCLE,3349,868,360.0,FROZEN_PHASE5A_AXIS_FALLBACK,PROBABLE,0.073246,False,FIT_CENTER_INCONSISTENT_WITH_LOCAL_AXIS,data/lidar-measurements/markings/TREE_0089.json
TREE_0090,UNCERTAIN,NOT_REVIEWED,NOT_REVIEWED,False,LEGACY_ADAPTIVE_IRREGULAR_ZONE_PLUS_030,1.65,MEASURABLE,PROVISIONAL_PROTOCOL_REVIEW_REQUIRED,,,,286.02,,False,EXCLUDED_CONFIRMED_WRONG,HUMAN_OPERATOR_EXCLUSION,1.65,,,,False,CIRCLE,ARCHIVED_FULL_RESOLUTION_FIT,True,EXCLUDE_CONFIRMED_WRONG,ACCEPTED,ADAPTIVE_IRREGULAR_ZONE_PLUS_030,1.65,241.23,76.79,,False,CIRCLE,8237,3736,270.0,FULL_SOURCE_LAS_LOCAL_AXIS_REFIT,PROBABLE,0.113023,False,,data/lidar-measurements/markings/TREE_0090.json
TREE_0091,PROBABLE,TRUE_POSITIVE,PROTOCOL_APPLICABILITY_UNCERTAIN,False,SCREENING_AT_1_30,1.3,MEASURABLE,PROVISIONAL_PROTOCOL_REVIEW_REQUIRED,,,,13.41,4.27,False,READY_FOR_FIELD_USE,FULL_LAS_GEOMETRY_ESTIMATE,1.3,13.41,4.27,4.27,False,CIRCLE,CURRENT_FULL_LAS_REFIT,False,,NOT_AVAILABLE,,,,,,False,CIRCLE,1361,1127,350.0,FULL_SOURCE_LAS_LOCAL_AXIS_REFIT,PROBABLE,0.09534,False,,data/lidar-measurements/markings/TREE_0091.json
TREE_0092,PROBABLE,FALSE_POSITIVE,NOT_REVIEWED,False,SCREENING_AT_1_30,1.3,MEASURABLE,PROVISIONAL_PROTOCOL_REVIEW_REQUIRED,,,,297.13,94.58,False,EXCLUDED_CONFIRMED_WRONG,HUMAN_OPERATOR_EXCLUSION,1.3,,,,False,CIRCLE,CURRENT_FULL_LAS_REFIT,True,EXCLUDE_CONFIRMED_WRONG,NOT_AVAILABLE,,,,,,False,CIRCLE,19606,11419,180.0,FROZEN_PHASE5A_AXIS_FALLBACK,PROBABLE,0.016015,False,,data/lidar-measurements/markings/TREE_0092.json
TREE_0093,CONFIRMED,NOT_REVIEWED,NOT_REVIEWED,False,LEGACY_ADAPTIVE_IRREGULAR_ZONE_PLUS_030,1.65,NEEDS_REVIEW,NEEDS_LIDAR_REVIEW,,,,239.82,,False,EXCLUDED_CONFIRMED_WRONG,HUMAN_OPERATOR_EXCLUSION,1.65,,,,False,CIRCLE,ARCHIVED_FULL_RESOLUTION_FIT,True,EXCLUDE_CONFIRMED_WRONG,ACCEPTED,ADAPTIVE_IRREGULAR_ZONE_PLUS_030,1.65,297.95,94.84,,False,CIRCLE,8370,2673,350.0,FULL_SOURCE_LAS_LOCAL_AXIS_REFIT,CONFIRMED,0.066667,False,FIT_CENTER_INCONSISTENT_WITH_LOCAL_AXIS,data/lidar-measurements/markings/TREE_0093.json
TREE_0094,PROBABLE,TRUE_POSITIVE,STANDARD_NON_PROP_ROOT_PROTOCOL,True,STANDARD_DBH_1_30,1.3,NEEDS_REVIEW,NEEDS_LIDAR_REVIEW,,,,13.42,4.27,True,CHECK_ON_SITE,FULL_LAS_REVIEW_CANDIDATE,1.3,13.42,4.27,4.27,False,CIRCLE,CURRENT_FULL_LAS_REFIT,False,,NOT_AVAILABLE,,,,,,False,CIRCLE,1142,1045,180.0,FULL_SOURCE_LAS_LOCAL_AXIS_REFIT,CONFIRMED,0.034968,False,CIRCLE_ELLIPSE_DISAGREEMENT|UNSTABLE_ACROSS_SLAB_OR_NEIGHBOURING_PLANES,data/lidar-measurements/markings/TREE_0094.json
TREE_0095,PROBABLE,NOT_REVIEWED,NOT_REVIEWED,False,SCREENING_AT_1_30,1.3,MEASURABLE,PROVISIONAL_PROTOCOL_REVIEW_REQUIRED,,,,72.73,23.15,False,READY_FOR_FIELD_USE,FULL_LAS_GEOMETRY_ESTIMATE,1.3,72.73,23.15,23.15,False,CIRCLE,CURRENT_FULL_LAS_REFIT,False,,NOT_AVAILABLE,,,,,,False,CIRCLE,1026,819,250.0,FULL_SOURCE_LAS_LOCAL_AXIS_REFIT,CONFIRMED,0.001342,False,,data/lidar-measurements/markings/TREE_0095.json
TREE_0096,UNCERTAIN,FALSE_POSITIVE,NOT_REVIEWED,False,SCREENING_AT_1_30,1.3,NEEDS_REVIEW,NEEDS_LIDAR_REVIEW,,,,100.5,31.99,False,CHECK_ON_SITE,FULL_LAS_REVIEW_CANDIDATE,1.3,100.5,31.99,31.99,False,CIRCLE,CURRENT_FULL_LAS_REFIT,False,,NOT_AVAILABLE,,,,,,False,CIRCLE,7690,2163,160.0,FULL_SOURCE_LAS_LOCAL_AXIS_REFIT,PROBABLE,0.234621,False,CIRCLE_ELLIPSE_DISAGREEMENT|LOCAL_AXIS_UNCERTAINTY_TOO_HIGH,data/lidar-measurements/markings/TREE_0096.json
TREE_0097,PROBABLE,TRUE_POSITIVE,STANDARD_NON_PROP_ROOT_PROTOCOL,True,STANDARD_DBH_1_30,1.3,MEASURABLE,FINAL_LIDAR_ESTIMATE,24.58,7.83,7.83,24.58,7.83,True,READY_FOR_FIELD_USE,CURRENT_PROTOCOL_FINAL,1.3,24.58,7.83,7.83,True,CIRCLE,CURRENT_FULL_LAS_REFIT,False,,NOT_AVAILABLE,,,,,,False,CIRCLE,1973,1955,360.0,FULL_SOURCE_LAS_LOCAL_AXIS_REFIT,CONFIRMED,0.002975,False,,data/lidar-measurements/markings/TREE_0097.json
TREE_0098,PROBABLE,DUPLICATE,STANDARD_NON_PROP_ROOT_PROTOCOL,True,STANDARD_DBH_1_30,1.3,MEASURABLE,PROVISIONAL_TREE_IDENTITY_REVIEW_REQUIRED,,,,24.53,7.81,True,READY_FOR_FIELD_USE,FULL_LAS_GEOMETRY_ESTIMATE,1.3,24.53,7.81,7.81,False,CIRCLE,CURRENT_FULL_LAS_REFIT,False,,NOT_AVAILABLE,,,,,,False,CIRCLE,1982,1963,360.0,FULL_SOURCE_LAS_LOCAL_AXIS_REFIT,CONFIRMED,0.002837,False,,data/lidar-measurements/markings/TREE_0098.json
TREE_0099,PROBABLE,TRUE_POSITIVE,STANDARD_NON_PROP_ROOT_PROTOCOL,True,STANDARD_DBH_1_30,1.3,NEEDS_REVIEW,NEEDS_LIDAR_REVIEW,,,,32.62,10.38,True,CHECK_ON_SITE,FULL_LAS_REVIEW_CANDIDATE,1.3,32.62,10.38,10.38,False,CIRCLE,CURRENT_FULL_LAS_REFIT,False,,NOT_AVAILABLE,,,,,,False,CIRCLE,5827,4095,360.0,FULL_SOURCE_LAS_LOCAL_AXIS_REFIT,PROBABLE,0.161019,False,LOCAL_AXIS_UNCERTAINTY_TOO_HIGH,data/lidar-measurements/markings/TREE_0099.json
TREE_0100,CONFIRMED,NOT_REVIEWED,NOT_REVIEWED,False,LEGACY_ADAPTIVE_IRREGULAR_ZONE_PLUS_030,2.1,MEASURABLE,PROVISIONAL_PROTOCOL_REVIEW_REQUIRED,,,,42.17,,False,READY_FOR_FIELD_USE,LEGACY_FULL_RESOLUTION_ACCEPTED,2.1,42.07,13.28,,False,ELLIPSE,ARCHIVED_FULL_RESOLUTION_FIT,False,,ACCEPTED,ADAPTIVE_IRREGULAR_ZONE_PLUS_030,2.1,42.07,13.28,,False,ELLIPSE,1057,1035,220.0,FULL_SOURCE_LAS_LOCAL_AXIS_REFIT,CONFIRMED,0.009429,False,,data/lidar-measurements/markings/TREE_0100.json
TREE_0101,UNCERTAIN,TRUE_POSITIVE,STANDARD_NON_PROP_ROOT_PROTOCOL,True,STANDARD_DBH_1_30,1.3,NOT_MEASURABLE,NEEDS_LIDAR_REVIEW,,,,,,True,NO_ESTIMATE,NO_PLAUSIBLE_FIT,1.3,,,,False,,CURRENT_FULL_LAS_REFIT,False,,NOT_AVAILABLE,,,,,,False,,0,0,,FROZEN_PHASE5A_AXIS_FALLBACK,PROBABLE,0.075571,False,INSUFFICIENT_FULL_LAS_POINT_SUPPORT,data/lidar-measurements/markings/TREE_0101.json
TREE_0102,PROBABLE,UNCERTAIN,NOT_REVIEWED,False,SCREENING_AT_1_30,1.3,MEASURABLE,PROVISIONAL_PROTOCOL_REVIEW_REQUIRED,,,,58.06,18.48,False,READY_FOR_FIELD_USE,FULL_LAS_GEOMETRY_ESTIMATE,1.3,58.06,18.48,18.48,False,CIRCLE,CURRENT_FULL_LAS_REFIT,False,,NOT_AVAILABLE,,,,,,False,CIRCLE,2044,1149,220.0,FULL_SOURCE_LAS_LOCAL_AXIS_REFIT,CONFIRMED,0.018708,False,,data/lidar-measurements/markings/TREE_0102.json
TREE_0103,PROBABLE,TRUE_POSITIVE,PROP_ROOT_PROTOCOL_APPLICABLE,True,PROP_ROOT_PLUS_030,2.419848,MEASURABLE,FINAL_LIDAR_ESTIMATE,22.45,,7.15,22.45,,False,READY_FOR_FIELD_USE,CURRENT_PROTOCOL_FINAL,2.419848,22.45,7.15,,True,CIRCLE,CURRENT_FULL_LAS_REFIT,False,,NOT_AVAILABLE,,,,,,False,CIRCLE,1835,1111,360.0,FULL_SOURCE_LAS_LOCAL_AXIS_REFIT,CONFIRMED,0.001744,False,,data/lidar-measurements/markings/TREE_0103.json
TREE_0104,CONFIRMED,NOT_REVIEWED,NOT_REVIEWED,False,LEGACY_STANDARD_DBH_1_30,1.3,MEASURABLE,PROVISIONAL_PROTOCOL_REVIEW_REQUIRED,,,,49.66,15.81,True,READY_FOR_FIELD_USE,LEGACY_FULL_RESOLUTION_ACCEPTED,1.3,49.65,15.8,15.8,False,CIRCLE,ARCHIVED_FULL_RESOLUTION_FIT,False,,ACCEPTED,STANDARD_1_30,1.3,49.65,15.8,15.8,False,CIRCLE,1530,1419,270.0,FULL_SOURCE_LAS_LOCAL_AXIS_REFIT,CONFIRMED,0.021136,False,,data/lidar-measurements/markings/TREE_0104.json
TREE_0105,PROBABLE,TRUE_POSITIVE,STANDARD_NON_PROP_ROOT_PROTOCOL,True,STANDARD_DBH_1_30,1.3,MEASURABLE,FINAL_LIDAR_ESTIMATE,25.98,8.27,8.27,25.98,8.27,True,READY_FOR_FIELD_USE,CURRENT_PROTOCOL_FINAL,1.3,25.98,8.27,8.27,True,CIRCLE,CURRENT_FULL_LAS_REFIT,False,,ACCEPTED,STANDARD_1_30,1.3,25.97,8.27,8.27,True,CIRCLE,8520,4581,360.0,FULL_SOURCE_LAS_LOCAL_AXIS_REFIT,CONFIRMED,0.0072,False,,data/lidar-measurements/markings/TREE_0105.json
TREE_0106,UNCERTAIN,TRUE_POSITIVE,PROP_ROOT_PROTOCOL_APPLICABLE,True,PROP_ROOT_PLUS_030,3.013924,NEEDS_REVIEW,NEEDS_LIDAR_REVIEW,,,,88.56,,False,CHECK_ON_SITE,FULL_LAS_REVIEW_CANDIDATE,3.013924,88.56,28.19,,False,CIRCLE,CURRENT_FULL_LAS_REFIT,False,,NOT_AVAILABLE,,,,,,False,CIRCLE,1275,608,170.0,FULL_SOURCE_LAS_LOCAL_AXIS_REFIT,PROBABLE,0.117674,False,CIRCLE_ELLIPSE_DISAGREEMENT|FIT_CENTER_INCONSISTENT_WITH_LOCAL_AXIS,data/lidar-measurements/markings/TREE_0106.json
TREE_0107,PROBABLE,TRUE_POSITIVE,PROP_ROOT_PROTOCOL_APPLICABLE,True,PROP_ROOT_PLUS_030,2.597989,NEEDS_REVIEW,NEEDS_LIDAR_REVIEW,,,,39.87,,False,CHECK_ON_SITE,FULL_LAS_REVIEW_CANDIDATE,2.597989,39.87,12.69,,False,CIRCLE,CURRENT_FULL_LAS_REFIT,False,,NOT_AVAILABLE,,,,,,False,CIRCLE,1761,624,240.0,FULL_SOURCE_LAS_LOCAL_AXIS_REFIT,PROBABLE,0.08076,False,UNSTABLE_ACROSS_SLAB_OR_NEIGHBOURING_PLANES,data/lidar-measurements/markings/TREE_0107.json
TREE_0108,PROBABLE,NOT_REVIEWED,NOT_REVIEWED,False,SCREENING_AT_1_30,1.3,NEEDS_REVIEW,NEEDS_LIDAR_REVIEW,,,,191.27,60.88,False,CHECK_ON_SITE,FULL_LAS_REVIEW_CANDIDATE,1.3,191.27,60.88,60.88,False,CIRCLE,CURRENT_FULL_LAS_REFIT,False,,NOT_AVAILABLE,,,,,,False,CIRCLE,14062,6916,210.0,FROZEN_PHASE5A_AXIS_FALLBACK,CONFIRMED,0.012054,False,FIT_CENTER_INCONSISTENT_WITH_LOCAL_AXIS,data/lidar-measurements/markings/TREE_0108.json
TREE_0109,UNCERTAIN,NOT_REVIEWED,NOT_REVIEWED,False,SCREENING_AT_1_30,1.3,NEEDS_REVIEW,NEEDS_LIDAR_REVIEW,,,,146.79,46.72,False,CHECK_ON_SITE,FULL_LAS_REVIEW_CANDIDATE,1.3,146.79,46.72,46.72,False,CIRCLE,CURRENT_FULL_LAS_REFIT,False,,NOT_AVAILABLE,,,,,,False,CIRCLE,14237,5901,230.0,FROZEN_PHASE5A_AXIS_FALLBACK,CONFIRMED,0.055211,False,FIT_CENTER_INCONSISTENT_WITH_LOCAL_AXIS,data/lidar-measurements/markings/TREE_0109.json
TREE_0110,PROBABLE,NOT_REVIEWED,NOT_REVIEWED,False,SCREENING_AT_1_30,1.3,NEEDS_REVIEW,NEEDS_LIDAR_REVIEW,,,,151.02,48.07,False,CHECK_ON_SITE,FULL_LAS_REVIEW_CANDIDATE,1.3,151.02,48.07,48.07,False,CIRCLE,CURRENT_FULL_LAS_REFIT,False,,NOT_AVAILABLE,,,,,,False,CIRCLE,11731,7332,240.0,FULL_SOURCE_LAS_LOCAL_AXIS_REFIT,CONFIRMED,0.072175,False,FIT_CENTER_INCONSISTENT_WITH_LOCAL_AXIS,data/lidar-measurements/markings/TREE_0110.json
TREE_0111,PROBABLE,NOT_REVIEWED,NOT_REVIEWED,False,SCREENING_AT_1_30,1.3,NEEDS_REVIEW,NEEDS_LIDAR_REVIEW,,,,233.6,74.36,False,CHECK_ON_SITE,FULL_LAS_REVIEW_CANDIDATE,1.3,233.6,74.36,74.36,False,CIRCLE,CURRENT_FULL_LAS_REFIT,False,,NOT_AVAILABLE,,,,,,False,CIRCLE,18760,9452,280.0,FULL_SOURCE_LAS_LOCAL_AXIS_REFIT,CONFIRMED,0.048799,False,FIT_CENTER_INCONSISTENT_WITH_LOCAL_AXIS,data/lidar-measurements/markings/TREE_0111.json
TREE_0112,CONFIRMED,NOT_REVIEWED,PROTOCOL_APPLICABILITY_UNCERTAIN,False,SCREENING_AT_1_30,1.3,NEEDS_REVIEW,NEEDS_LIDAR_REVIEW,,,,12.69,4.04,False,CHECK_ON_SITE,FULL_LAS_REVIEW_CANDIDATE,1.3,12.69,4.04,4.04,False,CIRCLE,CURRENT_FULL_LAS_REFIT,False,,NOT_AVAILABLE,,,,,,False,CIRCLE,6035,1156,360.0,FROZEN_PHASE5A_AXIS_FALLBACK,PROBABLE,0.152155,False,LOCAL_AXIS_UNCERTAINTY_TOO_HIGH,data/lidar-measurements/markings/TREE_0112.json
TREE_0113,PROBABLE,NOT_REVIEWED,NOT_REVIEWED,False,SCREENING_AT_1_30,1.3,MEASURABLE,PROVISIONAL_PROTOCOL_REVIEW_REQUIRED,,,,61.06,19.44,False,READY_FOR_FIELD_USE,FULL_LAS_GEOMETRY_ESTIMATE,1.3,61.06,19.44,19.44,False,CIRCLE,CURRENT_FULL_LAS_REFIT,False,,NOT_AVAILABLE,,,,,,False,CIRCLE,840,387,240.0,FULL_SOURCE_LAS_LOCAL_AXIS_REFIT,CONFIRMED,0.00738,False,,data/lidar-measurements/markings/TREE_0113.json
TREE_0114,CONFIRMED,NOT_REVIEWED,NOT_REVIEWED,False,SCREENING_AT_1_30,1.3,NEEDS_REVIEW,NEEDS_LIDAR_REVIEW,,,,15.94,5.07,False,CHECK_ON_SITE,FULL_LAS_REVIEW_CANDIDATE,1.3,15.94,5.07,5.07,False,CIRCLE,CURRENT_FULL_LAS_REFIT,False,,NOT_AVAILABLE,,,,,,False,CIRCLE,623,128,170.0,FROZEN_PHASE5A_AXIS_FALLBACK,NEEDS_REVIEW,,False,CIRCLE_ELLIPSE_DISAGREEMENT|FIT_CENTER_INCONSISTENT_WITH_LOCAL_AXIS|LOCAL_AXIS_NOT_SUPPORTED_AT_MEASUREMENT_HEIGHT|LOCAL_AXIS_UNCERTAINTY_TOO_HIGH,data/lidar-measurements/markings/TREE_0114.json
TREE_0115,UNCERTAIN,NOT_REVIEWED,NOT_REVIEWED,False,SCREENING_AT_1_30,1.3,NEEDS_REVIEW,NEEDS_LIDAR_REVIEW,,,,205.73,65.49,False,CHECK_ON_SITE,FULL_LAS_REVIEW_CANDIDATE,1.3,205.73,65.49,65.49,False,CIRCLE,CURRENT_FULL_LAS_REFIT,False,,NOT_AVAILABLE,,,,,,False,CIRCLE,8828,4216,210.0,FROZEN_PHASE5A_AXIS_FALLBACK,PROBABLE,0.104241,False,FIT_CENTER_INCONSISTENT_WITH_LOCAL_AXIS,data/lidar-measurements/markings/TREE_0115.json
TREE_0116,UNCERTAIN,NOT_REVIEWED,NOT_REVIEWED,False,SCREENING_AT_1_30,1.3,NEEDS_REVIEW,NEEDS_LIDAR_REVIEW,,,,205.03,65.26,False,CHECK_ON_SITE,FULL_LAS_REVIEW_CANDIDATE,1.3,205.03,65.26,65.26,False,CIRCLE,CURRENT_FULL_LAS_REFIT,False,,NOT_AVAILABLE,,,,,,False,CIRCLE,6874,2698,190.0,FROZEN_PHASE5A_AXIS_FALLBACK,PROBABLE,0.149156,False,FIT_CENTER_INCONSISTENT_WITH_LOCAL_AXIS,data/lidar-measurements/markings/TREE_0116.json
TREE_0117,CONFIRMED,NOT_REVIEWED,NOT_REVIEWED,False,LEGACY_ADAPTIVE_IRREGULAR_ZONE_PLUS_030,1.95,MEASURABLE,PROVISIONAL_PROTOCOL_REVIEW_REQUIRED,,,,46.36,,False,READY_FOR_FIELD_USE,LEGACY_FULL_RESOLUTION_ACCEPTED,1.95,46.45,14.78,,False,CIRCLE,ARCHIVED_FULL_RESOLUTION_FIT,False,,ACCEPTED,ADAPTIVE_IRREGULAR_ZONE_PLUS_030,1.95,46.45,14.78,,False,CIRCLE,887,642,240.0,FULL_SOURCE_LAS_LOCAL_AXIS_REFIT,CONFIRMED,0.008265,False,,data/lidar-measurements/markings/TREE_0117.json
TREE_0118,UNCERTAIN,NOT_REVIEWED,NOT_REVIEWED,False,SCREENING_AT_1_30,1.3,NEEDS_REVIEW,NEEDS_LIDAR_REVIEW,,,,326.54,103.94,False,CHECK_ON_SITE,FULL_LAS_REVIEW_CANDIDATE,1.3,326.54,103.94,103.94,False,CIRCLE,CURRENT_FULL_LAS_REFIT,False,,NOT_AVAILABLE,,,,,,False,CIRCLE,1860,533,140.0,FROZEN_PHASE5A_AXIS_FALLBACK,CONFIRMED,0.070275,False,CIRCLE_ELLIPSE_DISAGREEMENT|LOCAL_AXIS_NOT_SUPPORTED_AT_MEASUREMENT_HEIGHT,data/lidar-measurements/markings/TREE_0118.json
