tree_id,status,measurement_kind,measurement_height_agl_m,local_ground_z_m,diameter_cm,dbh_cm,circumference_cm,fit_model,fit_rmse_m,circularity,ellipse_axis_ratio,arc_coverage_deg,radius_stability_mad_m,radius_stability_relative_mad,vertical_continuity_score,supporting_slice_count,point_count,inlier_count,inclination_deg,quality_score,confidence_label,confidence_is_calibrated,field_verified,protocol_final,source_candidate_id,source_track_id,source_slice_orientation,measurement_plane_orientation,perpendicular_refit_performed,reason_codes
TREE_0001,MANUAL_REVIEW,MANUAL_REVIEW,,-6.557283,,,,,0.006118,0.919603,1.087426,220.0,0.004412,0.060003,0.428571,6,477,103,34.001,62.27,MANUAL_REVIEW,False,False,False,C-0561,T15-0038,HORIZONTAL_XY_PROFILE,PERPENDICULAR_TO_LOCAL_STEM_AXIS,False,TREE_DETECTION_UNCERTAIN|AXIS_TOO_INCLINED
TREE_0002,MANUAL_REVIEW,MANUAL_REVIEW,,-6.304098,,,,,0.014513,0.975698,1.024907,200.0,0.00944,0.031601,0.642857,6,290,85,16.904,74.95,MANUAL_REVIEW,False,False,False,C-0776,T15-0061,HORIZONTAL_XY_PROFILE,PERPENDICULAR_TO_LOCAL_STEM_AXIS,False,TREE_DETECTION_UNCERTAIN|NO_DETECTION_QUALITY_STABLE_WINDOW
TREE_0003,MANUAL_REVIEW,MANUAL_REVIEW,,-6.738145,,,,,0.023466,0.721664,1.385687,235.0,0.013407,0.029784,0.857143,6,4552,1235,35.331,71.14,MANUAL_REVIEW,False,False,False,C-0360,T15-0068,HORIZONTAL_XY_PROFILE,PERPENDICULAR_TO_LOCAL_STEM_AXIS,False,OPERATIONALLY_EXCLUDED_TREE_ID|TREE_DETECTION_UNCERTAIN|NO_DETECTION_QUALITY_STABLE_WINDOW|PHASE1_5_AUTOMATIC_QUALITY_FAILED|AXIS_TOO_INCLINED
TREE_0004,ALTERNATIVE_POM,ALTERNATIVE_POM,1.65,-6.703335,6.68,,20.98,PUBLISHED_V2_ROBUST_MULTI_SLICE_CIRCLE_SCREENING,0.004652,0.916105,1.091577,240.0,0.000585,0.017526,1.0,7,2295,203,9.876,83.01,HIGH,False,False,False,C-0001,T15-0084,HORIZONTAL_XY_PROFILE,PERPENDICULAR_TO_LOCAL_STEM_AXIS,False,STANDARD_HEIGHT_UNRELIABLE_CLEANER_WINDOW_SELECTED_ABOVE|STANDARD_REJECTED_CROSS_LANE_DIAMETER_DISAGREEMENT|ROBUST_MULTI_SLICE_WINDOW|POM_NOT_TIED_TO_PROP_ROOT_PLUS_030
TREE_0005,MANUAL_REVIEW,MANUAL_REVIEW,,-5.88,,,,,0.025489,0.962504,1.038956,360.0,0.0099,0.018523,0.75,7,7722,2705,32.556,77.5,MANUAL_REVIEW,False,False,False,C-0362,T15-0087,HORIZONTAL_XY_PROFILE,PERPENDICULAR_TO_LOCAL_STEM_AXIS,False,PHASE1_5_AUTOMATIC_QUALITY_FAILED|AXIS_TOO_INCLINED
TREE_0006,MANUAL_REVIEW,MANUAL_REVIEW,,-6.697005,,,,,0.016364,0.89306,1.119745,220.0,0.008972,0.025118,1.0,7,2959,910,7.183,85.65,MANUAL_REVIEW,False,False,False,C-0457,T15-0100,HORIZONTAL_XY_PROFILE,PERPENDICULAR_TO_LOCAL_STEM_AXIS,False,TREE_DETECTION_UNCERTAIN|NO_DETECTION_QUALITY_STABLE_WINDOW|PHASE1_5_AUTOMATIC_QUALITY_FAILED
TREE_0007,MANUAL_REVIEW,MANUAL_REVIEW,,-6.7283,,,,,0.01944,0.962729,1.038714,270.0,0.019438,0.050381,1.0,7,2156,786,43.271,74.58,MANUAL_REVIEW,False,False,False,C-0407,T15-0115,HORIZONTAL_XY_PROFILE,PERPENDICULAR_TO_LOCAL_STEM_AXIS,False,TREE_DETECTION_UNCERTAIN|NO_DETECTION_QUALITY_STABLE_WINDOW|PHASE1_5_AUTOMATIC_QUALITY_FAILED|AXIS_TOO_INCLINED
TREE_0008,MANUAL_REVIEW,MANUAL_REVIEW,,-6.634229,,,,,,,,,,,,,,,,,MANUAL_REVIEW,False,False,False,,,HORIZONTAL_XY_PROFILE,,False,NO_PUBLISHED_MULTI_HEIGHT_EVIDENCE_FOR_TREE
TREE_0009,MANUAL_REVIEW,MANUAL_REVIEW,,-6.647257,,,,,0.010587,0.277301,3.606186,130.0,0.016195,0.071497,0.25,7,262,108,51.223,44.71,MANUAL_REVIEW,False,False,False,C-0683,T15-0135,HORIZONTAL_XY_PROFILE,PERPENDICULAR_TO_LOCAL_STEM_AXIS,False,NO_DETECTION_QUALITY_STABLE_WINDOW|QUALITY_SCORE_BELOW_THRESHOLD|LOW_CIRCULARITY|AXIS_TOO_INCLINED
TREE_0010,MANUAL_REVIEW,MANUAL_REVIEW,,-6.39995,,,,,,,,,,,,,,,,,MANUAL_REVIEW,False,False,False,,,HORIZONTAL_XY_PROFILE,,False,NO_PUBLISHED_MULTI_HEIGHT_EVIDENCE_FOR_TREE
TREE_0011,MANUAL_REVIEW,MANUAL_REVIEW,,-6.659467,,,,,0.012324,0.934863,1.069676,165.0,0.011753,0.04811,0.0,6,254,42,0.0,54.89,MANUAL_REVIEW,False,False,False,C-0285,T15-0141,HORIZONTAL_XY_PROFILE,PERPENDICULAR_TO_LOCAL_STEM_AXIS,False,NO_DETECTION_QUALITY_STABLE_WINDOW|QUALITY_SCORE_BELOW_THRESHOLD
TREE_0012,MANUAL_REVIEW,MANUAL_REVIEW,,-6.598746,,,,,0.022498,0.981437,1.018914,300.0,0.026358,0.063739,0.857143,6,18740,3609,29.865,75.18,MANUAL_REVIEW,False,False,False,C-0002,T15-0147,HORIZONTAL_XY_PROFILE,PERPENDICULAR_TO_LOCAL_STEM_AXIS,False,TREE_DETECTION_UNCERTAIN|NO_DETECTION_QUALITY_STABLE_WINDOW|PHASE1_5_AUTOMATIC_QUALITY_FAILED
TREE_0013,MANUAL_REVIEW,MANUAL_REVIEW,,-6.778239,,,,,,,,,,,,,,,,,MANUAL_REVIEW,False,False,False,,,HORIZONTAL_XY_PROFILE,,False,TREE_DETECTION_UNCERTAIN|NO_PUBLISHED_MULTI_HEIGHT_EVIDENCE_FOR_TREE
TREE_0014,MANUAL_REVIEW,MANUAL_REVIEW,,-6.200005,,,,,0.005095,0.908391,1.100847,180.0,0.000914,0.015563,1.0,7,2012,654,21.947,74.83,MANUAL_REVIEW,False,False,False,C-0187,T15-0165,HORIZONTAL_XY_PROFILE,PERPENDICULAR_TO_LOCAL_STEM_AXIS,False,TREE_DETECTION_UNCERTAIN
TREE_0015,MANUAL_REVIEW,MANUAL_REVIEW,,-6.618489,,,,,0.018755,0.954055,1.048158,250.0,0.019289,0.050574,0.75,7,7325,2272,29.281,74.3,MANUAL_REVIEW,False,False,False,C-0053,T15-0171,HORIZONTAL_XY_PROFILE,PERPENDICULAR_TO_LOCAL_STEM_AXIS,False,TREE_DETECTION_UNCERTAIN|NO_DETECTION_QUALITY_STABLE_WINDOW|PHASE1_5_AUTOMATIC_QUALITY_FAILED
TREE_0016,MANUAL_REVIEW,MANUAL_REVIEW,,-6.471264,,,,,0.006066,0.924576,1.081577,140.0,0.001757,0.015149,1.0,7,136,55,9.949,78.24,MANUAL_REVIEW,False,False,False,C-0141,T15-0192,HORIZONTAL_XY_PROFILE,PERPENDICULAR_TO_LOCAL_STEM_AXIS,False,TREE_DETECTION_UNCERTAIN|NO_DETECTION_QUALITY_STABLE_WINDOW
TREE_0017,ALTERNATIVE_POM,ALTERNATIVE_POM,2.65,-6.471264,14.62,,45.94,PUBLISHED_V2_ROBUST_MULTI_SLICE_CIRCLE_SCREENING,0.005908,0.625072,1.599816,190.0,0.001658,0.022673,1.0,7,283,99,9.949,78.39,MEDIUM,False,False,False,C-0141,T15-0192,HORIZONTAL_XY_PROFILE,PERPENDICULAR_TO_LOCAL_STEM_AXIS,False,STANDARD_HEIGHT_UNRELIABLE_CLEANER_WINDOW_SELECTED_ABOVE|STANDARD_REJECTED_NO_DETECTION_QUALITY_STABLE_WINDOW|STANDARD_REJECTED_PHASE1_5_AUTOMATIC_QUALITY_FAILED|STANDARD_REJECTED_INSUFFICIENT_ARC_COVERAGE|STANDARD_REJECTED_LOW_CIRCULARITY|ROBUST_MULTI_SLICE_WINDOW|POM_NOT_TIED_TO_PROP_ROOT_PLUS_030
TREE_0018,ALTERNATIVE_POM,ALTERNATIVE_POM,2.95,-6.517502,15.05,,47.28,PUBLISHED_V2_ROBUST_MULTI_SLICE_CIRCLE_SCREENING,0.005288,0.844704,1.183846,180.0,0.001405,0.018674,1.0,7,105,46,5.546,83.43,HIGH,False,False,False,C-0164,T15-0215,HORIZONTAL_XY_PROFILE,PERPENDICULAR_TO_LOCAL_STEM_AXIS,False,STANDARD_HEIGHT_UNRELIABLE_CLEANER_WINDOW_SELECTED_ABOVE|STANDARD_REJECTED_NO_DETECTION_QUALITY_STABLE_WINDOW|STANDARD_REJECTED_PHASE1_5_AUTOMATIC_QUALITY_FAILED|STANDARD_REJECTED_INSUFFICIENT_ARC_COVERAGE|STANDARD_REJECTED_CIRCULARITY_EVIDENCE_UNAVAILABLE|ROBUST_MULTI_SLICE_WINDOW|POM_NOT_TIED_TO_PROP_ROOT_PLUS_030
TREE_0019,MANUAL_REVIEW,MANUAL_REVIEW,,-6.676651,,,,,0.010801,0.962405,1.039064,200.0,0.010439,0.049413,1.0,7,262,60,11.914,81.82,MANUAL_REVIEW,False,False,False,C-0719,T15-0274,HORIZONTAL_XY_PROFILE,PERPENDICULAR_TO_LOCAL_STEM_AXIS,False,TREE_DETECTION_UNCERTAIN|NO_DETECTION_QUALITY_STABLE_WINDOW
TREE_0020,ALTERNATIVE_POM,ALTERNATIVE_POM,2.25,-6.755212,11.51,,36.16,PUBLISHED_V2_ROBUST_MULTI_SLICE_CIRCLE_SCREENING,0.004064,0.98614,1.014055,130.0,0.001043,0.018116,1.0,7,121,18,2.844,77.69,MEDIUM,False,False,False,C-0619,T15-0224,HORIZONTAL_XY_PROFILE,PERPENDICULAR_TO_LOCAL_STEM_AXIS,False,STANDARD_HEIGHT_UNRELIABLE_CLEANER_WINDOW_SELECTED_ABOVE|STANDARD_REJECTED_PHASE1_5_AUTOMATIC_QUALITY_FAILED|STANDARD_REJECTED_QUALITY_SCORE_BELOW_THRESHOLD|STANDARD_REJECTED_INSUFFICIENT_ARC_COVERAGE|STANDARD_REJECTED_CIRCULARITY_EVIDENCE_UNAVAILABLE|ROBUST_MULTI_SLICE_WINDOW|POM_NOT_TIED_TO_PROP_ROOT_PLUS_030
TREE_0021,MANUAL_REVIEW,MANUAL_REVIEW,,-6.736323,,,,,0.003418,0.872979,1.145504,140.0,0.001495,0.030853,0.5,7,305,64,3.159,66.4,MANUAL_REVIEW,False,False,False,C-0864,T15-0237,HORIZONTAL_XY_PROFILE,PERPENDICULAR_TO_LOCAL_STEM_AXIS,False,TREE_DETECTION_UNCERTAIN
TREE_0022,ALTERNATIVE_POM,ALTERNATIVE_POM,1.8,-6.776463,7.6,,23.88,PUBLISHED_V2_ROBUST_MULTI_SLICE_CIRCLE_SCREENING,0.004982,0.713749,1.401052,230.0,0.001086,0.028579,1.0,7,280,88,12.087,77.41,MEDIUM,False,False,False,C-0518,T15-0235,HORIZONTAL_XY_PROFILE,PERPENDICULAR_TO_LOCAL_STEM_AXIS,False,STANDARD_HEIGHT_UNRELIABLE_CLEANER_WINDOW_SELECTED_ABOVE|STANDARD_REJECTED_CROSS_LANE_DIAMETER_DISAGREEMENT|ROBUST_MULTI_SLICE_WINDOW|POM_NOT_TIED_TO_PROP_ROOT_PLUS_030
TREE_0023,STANDARD_DBH,STANDARD_DBH,1.3,-6.776463,6.73,6.73,21.14,PUBLISHED_V2_ROBUST_MULTI_SLICE_CIRCLE_SCREENING,0.004254,0.890478,1.122993,250.0,0.000855,0.025394,1.0,7,1420,354,12.087,75.59,MEDIUM,False,False,False,C-0518,T15-0235,HORIZONTAL_XY_PROFILE,PERPENDICULAR_TO_LOCAL_STEM_AXIS,False,STANDARD_HEIGHT_RELIABLE|ROBUST_MULTI_SLICE_WINDOW|POM_NOT_TIED_TO_PROP_ROOT_PLUS_030
TREE_0024,MANUAL_REVIEW,MANUAL_REVIEW,,-6.75389,,,,,,,,,,,,,,,,,MANUAL_REVIEW,False,False,False,,,HORIZONTAL_XY_PROFILE,,False,OPERATIONALLY_EXCLUDED_TREE_ID|NO_PUBLISHED_MULTI_HEIGHT_EVIDENCE_FOR_TREE
TREE_0025,MANUAL_REVIEW,MANUAL_REVIEW,,-6.676651,,,,,0.010801,0.962405,1.039064,200.0,0.010439,0.049413,1.0,7,262,60,11.914,81.82,MANUAL_REVIEW,False,False,False,C-0719,T15-0274,HORIZONTAL_XY_PROFILE,PERPENDICULAR_TO_LOCAL_STEM_AXIS,False,TREE_DETECTION_UNCERTAIN|NO_DETECTION_QUALITY_STABLE_WINDOW
TREE_0026,ALTERNATIVE_POM,ALTERNATIVE_POM,3.05,-6.495248,15.01,,47.17,PUBLISHED_V2_ROBUST_MULTI_SLICE_CIRCLE_SCREENING,0.005458,0.919154,1.087957,210.0,0.00051,0.006797,1.0,7,182,47,31.908,78.39,MEDIUM,False,False,False,C-0497,T15-0276,HORIZONTAL_XY_PROFILE,PERPENDICULAR_TO_LOCAL_STEM_AXIS,False,STANDARD_HEIGHT_UNRELIABLE_CLEANER_WINDOW_SELECTED_ABOVE|STANDARD_REJECTED_QUALITY_SCORE_BELOW_THRESHOLD|STANDARD_REJECTED_CIRCULARITY_EVIDENCE_UNAVAILABLE|STANDARD_REJECTED_AXIS_TOO_INCLINED|ROBUST_MULTI_SLICE_WINDOW|POM_NOT_TIED_TO_PROP_ROOT_PLUS_030
TREE_0027,MANUAL_REVIEW,MANUAL_REVIEW,,-6.544315,,,,,,,,,,,,,,,,,MANUAL_REVIEW,False,False,False,,,HORIZONTAL_XY_PROFILE,,False,TREE_DETECTION_UNCERTAIN|NO_PUBLISHED_MULTI_HEIGHT_EVIDENCE_FOR_TREE
TREE_0028,STANDARD_DBH,STANDARD_DBH,1.3,-6.777842,10.61,10.61,33.33,PUBLISHED_V2_ROBUST_MULTI_SLICE_CIRCLE_SCREENING,0.0058,0.839207,1.191601,160.0,0.001737,0.03275,1.0,7,126,40,15.757,73.03,MEDIUM,False,False,False,C-0790,T15-0299,HORIZONTAL_XY_PROFILE,PERPENDICULAR_TO_LOCAL_STEM_AXIS,False,STANDARD_HEIGHT_RELIABLE|ROBUST_MULTI_SLICE_WINDOW|POM_NOT_TIED_TO_PROP_ROOT_PLUS_030
TREE_0029,MANUAL_REVIEW,MANUAL_REVIEW,,-6.621842,,,,,,,,,,,,,,,,,MANUAL_REVIEW,False,False,False,,,HORIZONTAL_XY_PROFILE,,False,TREE_DETECTION_UNCERTAIN|NO_PUBLISHED_MULTI_HEIGHT_EVIDENCE_FOR_TREE
TREE_0030,ALTERNATIVE_POM,ALTERNATIVE_POM,1.95,-6.508287,17.07,,53.63,PUBLISHED_V2_ROBUST_MULTI_SLICE_CIRCLE_SCREENING,0.005204,0.901341,1.109459,210.0,0.000479,0.005612,1.0,7,229,37,5.807,88.04,HIGH,False,False,False,C-0823,T15-0313,HORIZONTAL_XY_PROFILE,PERPENDICULAR_TO_LOCAL_STEM_AXIS,False,STANDARD_HEIGHT_UNRELIABLE_CLEANER_WINDOW_SELECTED_ABOVE|STANDARD_REJECTED_NO_DETECTION_QUALITY_STABLE_WINDOW|STANDARD_REJECTED_PHASE1_5_AUTOMATIC_QUALITY_FAILED|STANDARD_REJECTED_QUALITY_SCORE_BELOW_THRESHOLD|STANDARD_REJECTED_CIRCULARITY_EVIDENCE_UNAVAILABLE|STANDARD_REJECTED_CROSS_LANE_DIAMETER_DISAGREEMENT|ROBUST_MULTI_SLICE_WINDOW|POM_NOT_TIED_TO_PROP_ROOT_PLUS_030
TREE_0031,ALTERNATIVE_POM,ALTERNATIVE_POM,1.9,-6.752305,8.29,,26.04,PUBLISHED_V2_ROBUST_MULTI_SLICE_CIRCLE_SCREENING,0.004039,0.799515,1.250759,190.0,0.000644,0.015547,1.0,7,222,119,5.41,81.52,HIGH,False,False,False,C-0009,T15-0322,HORIZONTAL_XY_PROFILE,PERPENDICULAR_TO_LOCAL_STEM_AXIS,False,STANDARD_HEIGHT_UNRELIABLE_CLEANER_WINDOW_SELECTED_ABOVE|STANDARD_REJECTED_NO_DETECTION_QUALITY_STABLE_WINDOW|STANDARD_REJECTED_PHASE1_5_AUTOMATIC_QUALITY_FAILED|STANDARD_REJECTED_QUALITY_SCORE_BELOW_THRESHOLD|STANDARD_REJECTED_HIGH_FIT_RMSE|STANDARD_REJECTED_CROSS_LANE_DIAMETER_DISAGREEMENT|ROBUST_MULTI_SLICE_WINDOW|POM_NOT_TIED_TO_PROP_ROOT_PLUS_030
TREE_0032,ALTERNATIVE_POM,ALTERNATIVE_POM,1.35,-6.740494,5.14,,16.15,PUBLISHED_V2_ROBUST_MULTI_SLICE_CIRCLE_SCREENING,0.005861,0.930092,1.075163,300.0,0.001458,0.056732,1.0,7,3282,267,7.322,76.09,MEDIUM,False,False,False,C-0025,T15-0325,HORIZONTAL_XY_PROFILE,PERPENDICULAR_TO_LOCAL_STEM_AXIS,False,STANDARD_HEIGHT_UNRELIABLE_CLEANER_WINDOW_SELECTED_ABOVE|STANDARD_REJECTED_HIGH_FIT_RMSE|ROBUST_MULTI_SLICE_WINDOW|POM_NOT_TIED_TO_PROP_ROOT_PLUS_030
TREE_0033,ALTERNATIVE_POM,ALTERNATIVE_POM,1.9,-6.720243,10.44,,32.8,PUBLISHED_V2_ROBUST_MULTI_SLICE_CIRCLE_SCREENING,0.005558,0.938433,1.065606,190.0,0.002151,0.041201,1.0,7,226,30,25.332,73.0,MEDIUM,False,False,False,C-0877,T15-0326,HORIZONTAL_XY_PROFILE,PERPENDICULAR_TO_LOCAL_STEM_AXIS,False,STANDARD_HEIGHT_UNRELIABLE_CLEANER_WINDOW_SELECTED_ABOVE|STANDARD_REJECTED_NO_DETECTION_QUALITY_STABLE_WINDOW|STANDARD_REJECTED_PHASE1_5_AUTOMATIC_QUALITY_FAILED|STANDARD_REJECTED_QUALITY_SCORE_BELOW_THRESHOLD|STANDARD_REJECTED_INSUFFICIENT_ARC_COVERAGE|STANDARD_REJECTED_CIRCULARITY_EVIDENCE_UNAVAILABLE|STANDARD_REJECTED_CROSS_LANE_DIAMETER_DISAGREEMENT|ROBUST_MULTI_SLICE_WINDOW|POM_NOT_TIED_TO_PROP_ROOT_PLUS_030
TREE_0034,MANUAL_REVIEW,MANUAL_REVIEW,,-6.73874,,,,,,,,,,,,,,,,,MANUAL_REVIEW,False,False,False,,,HORIZONTAL_XY_PROFILE,,False,TREE_DETECTION_UNCERTAIN|NO_PUBLISHED_MULTI_HEIGHT_EVIDENCE_FOR_TREE
TREE_0035,ALTERNATIVE_POM,ALTERNATIVE_POM,2.0,-6.737631,16.9,,53.1,PUBLISHED_V2_ROBUST_MULTI_SLICE_CIRCLE_SCREENING,0.005083,0.891915,1.121183,150.0,0.002296,0.027171,1.0,7,38,29,3.794,81.96,HIGH,False,False,False,C-0083,T15-0350,HORIZONTAL_XY_PROFILE,PERPENDICULAR_TO_LOCAL_STEM_AXIS,False,STANDARD_HEIGHT_UNRELIABLE_CLEANER_WINDOW_SELECTED_ABOVE|STANDARD_REJECTED_PHASE1_5_AUTOMATIC_QUALITY_FAILED|STANDARD_REJECTED_INSUFFICIENT_ARC_COVERAGE|STANDARD_REJECTED_LOW_CIRCULARITY|ROBUST_MULTI_SLICE_WINDOW|POM_NOT_TIED_TO_PROP_ROOT_PLUS_030
TREE_0036,MANUAL_REVIEW,MANUAL_REVIEW,,-6.68977,,,,,0.022353,0.983809,1.016457,220.0,0.019867,0.046226,0.857143,6,1300,324,32.382,71.49,MANUAL_REVIEW,False,False,False,C-0235,T15-0365,HORIZONTAL_XY_PROFILE,PERPENDICULAR_TO_LOCAL_STEM_AXIS,False,TREE_DETECTION_UNCERTAIN|NO_DETECTION_QUALITY_STABLE_WINDOW|PHASE1_5_AUTOMATIC_QUALITY_FAILED|AXIS_TOO_INCLINED
TREE_0037,STANDARD_DBH,STANDARD_DBH,1.3,-6.786429,6.63,6.63,20.82,PUBLISHED_V2_ROBUST_MULTI_SLICE_CIRCLE_SCREENING,0.005033,0.663598,1.506935,220.0,0.000968,0.029223,1.0,7,358,323,7.199,77.16,MEDIUM,False,False,False,C-0029,T15-0369,HORIZONTAL_XY_PROFILE,PERPENDICULAR_TO_LOCAL_STEM_AXIS,False,STANDARD_HEIGHT_RELIABLE|ROBUST_MULTI_SLICE_WINDOW|POM_NOT_TIED_TO_PROP_ROOT_PLUS_030
TREE_0038,MANUAL_REVIEW,MANUAL_REVIEW,,-6.685566,,,,,,,,,,,,,,,,,MANUAL_REVIEW,False,False,False,,,HORIZONTAL_XY_PROFILE,,False,TREE_DETECTION_UNCERTAIN|NO_PUBLISHED_MULTI_HEIGHT_EVIDENCE_FOR_TREE
TREE_0039,STANDARD_DBH,STANDARD_DBH,1.3,-6.746869,9.52,9.52,29.9,PUBLISHED_V2_ROBUST_MULTI_SLICE_CIRCLE_SCREENING,0.005367,0.86203,1.160052,200.0,0.000398,0.00837,1.0,7,163,85,3.113,83.82,HIGH,False,False,False,C-0150,T15-0373,HORIZONTAL_XY_PROFILE,PERPENDICULAR_TO_LOCAL_STEM_AXIS,False,STANDARD_HEIGHT_RELIABLE|ROBUST_MULTI_SLICE_WINDOW|POM_NOT_TIED_TO_PROP_ROOT_PLUS_030
TREE_0040,ALTERNATIVE_POM,ALTERNATIVE_POM,1.95,-6.737606,5.51,,17.3,PUBLISHED_V2_ROBUST_MULTI_SLICE_CIRCLE_SCREENING,0.004409,0.825441,1.211474,220.0,0.000683,0.024796,1.0,7,1020,100,8.142,78.44,MEDIUM,False,False,False,C-0046,T15-0380,HORIZONTAL_XY_PROFILE,PERPENDICULAR_TO_LOCAL_STEM_AXIS,False,STANDARD_HEIGHT_UNRELIABLE_CLEANER_WINDOW_SELECTED_ABOVE|STANDARD_REJECTED_PHASE1_5_AUTOMATIC_QUALITY_FAILED|STANDARD_REJECTED_CROSS_LANE_DIAMETER_DISAGREEMENT|ROBUST_MULTI_SLICE_WINDOW|POM_NOT_TIED_TO_PROP_ROOT_PLUS_030
TREE_0041,STANDARD_DBH,STANDARD_DBH,1.3,-6.771307,6.26,6.26,19.68,PUBLISHED_V2_ROBUST_MULTI_SLICE_CIRCLE_SCREENING,0.005455,0.879601,1.136879,270.0,0.002138,0.068251,1.0,7,418,282,8.555,77.74,MEDIUM,False,False,False,C-0052,T15-0384,HORIZONTAL_XY_PROFILE,PERPENDICULAR_TO_LOCAL_STEM_AXIS,False,STANDARD_HEIGHT_RELIABLE|ROBUST_MULTI_SLICE_WINDOW|POM_NOT_TIED_TO_PROP_ROOT_PLUS_030
TREE_0042,MANUAL_REVIEW,MANUAL_REVIEW,,-6.703598,,,,,0.005227,0.619428,1.614393,110.0,0.003203,0.053994,1.0,7,44,15,10.761,65.32,MANUAL_REVIEW,False,False,False,C-0554,T15-0387,HORIZONTAL_XY_PROFILE,PERPENDICULAR_TO_LOCAL_STEM_AXIS,False,TREE_DETECTION_UNCERTAIN
TREE_0043,ALTERNATIVE_POM,ALTERNATIVE_POM,2.15,-6.674559,8.05,,25.3,PUBLISHED_V2_ROBUST_MULTI_SLICE_CIRCLE_SCREENING,0.005001,0.646099,1.54775,140.0,0.000818,0.020327,1.0,7,226,42,11.202,66.27,MEDIUM,False,False,False,C-0804,T15-0391,HORIZONTAL_XY_PROFILE,PERPENDICULAR_TO_LOCAL_STEM_AXIS,False,STANDARD_HEIGHT_UNRELIABLE_CLEANER_WINDOW_SELECTED_ABOVE|STANDARD_REJECTED_PHASE1_5_AUTOMATIC_QUALITY_FAILED|STANDARD_REJECTED_QUALITY_SCORE_BELOW_THRESHOLD|STANDARD_REJECTED_INSUFFICIENT_ARC_COVERAGE|STANDARD_REJECTED_CIRCULARITY_EVIDENCE_UNAVAILABLE|STANDARD_REJECTED_CROSS_LANE_DIAMETER_DISAGREEMENT|ROBUST_MULTI_SLICE_WINDOW|POM_NOT_TIED_TO_PROP_ROOT_PLUS_030
TREE_0044,STANDARD_DBH,STANDARD_DBH,1.3,-6.764252,11.93,11.93,37.48,PUBLISHED_V2_ROBUST_MULTI_SLICE_CIRCLE_SCREENING,0.00508,0.860268,1.162428,260.0,0.001876,0.031453,1.0,7,1894,672,1.371,85.83,HIGH,False,False,False,C-0010,T15-0396,HORIZONTAL_XY_PROFILE,PERPENDICULAR_TO_LOCAL_STEM_AXIS,False,STANDARD_HEIGHT_RELIABLE|ROBUST_MULTI_SLICE_WINDOW|POM_NOT_TIED_TO_PROP_ROOT_PLUS_030
TREE_0045,MANUAL_REVIEW,MANUAL_REVIEW,,-6.734845,,,,,0.004672,0.892414,1.120557,170.0,0.001252,0.032148,1.0,7,254,68,30.31,67.0,MANUAL_REVIEW,False,False,False,C-0030,T15-0405,HORIZONTAL_XY_PROFILE,PERPENDICULAR_TO_LOCAL_STEM_AXIS,False,TREE_DETECTION_UNCERTAIN
TREE_0046,MANUAL_REVIEW,MANUAL_REVIEW,,-6.773496,,,,,,,,,,,,,,,,,MANUAL_REVIEW,False,False,False,,,HORIZONTAL_XY_PROFILE,,False,NO_PUBLISHED_MULTI_HEIGHT_EVIDENCE_FOR_TREE
TREE_0047,MANUAL_REVIEW,MANUAL_REVIEW,,-6.677559,,,,,,,,,,,,,,,,,MANUAL_REVIEW,False,False,False,,,HORIZONTAL_XY_PROFILE,,False,TREE_DETECTION_UNCERTAIN|NO_PUBLISHED_MULTI_HEIGHT_EVIDENCE_FOR_TREE
TREE_0048,ALTERNATIVE_POM,ALTERNATIVE_POM,2.6,-6.497241,16.82,,52.83,PUBLISHED_V2_ROBUST_MULTI_SLICE_CIRCLE_SCREENING,0.005331,0.833157,1.200253,160.0,0.001002,0.011918,0.75,7,298,28,30.404,64.39,LOW,False,False,False,C-0676,T15-0425,HORIZONTAL_XY_PROFILE,PERPENDICULAR_TO_LOCAL_STEM_AXIS,False,STANDARD_HEIGHT_UNRELIABLE_CLEANER_WINDOW_SELECTED_ABOVE|STANDARD_REJECTED_NO_DETECTION_QUALITY_STABLE_WINDOW|STANDARD_REJECTED_PHASE1_5_AUTOMATIC_QUALITY_FAILED|STANDARD_REJECTED_QUALITY_SCORE_BELOW_THRESHOLD|STANDARD_REJECTED_INSUFFICIENT_ARC_COVERAGE|STANDARD_REJECTED_CIRCULARITY_EVIDENCE_UNAVAILABLE|STANDARD_REJECTED_AXIS_TOO_INCLINED|ROBUST_MULTI_SLICE_WINDOW|POM_NOT_TIED_TO_PROP_ROOT_PLUS_030
TREE_0049,ALTERNATIVE_POM,ALTERNATIVE_POM,1.95,-6.772253,7.71,,24.22,PUBLISHED_V2_ROBUST_MULTI_SLICE_CIRCLE_SCREENING,0.005136,0.835139,1.197406,260.0,0.000639,0.016574,1.0,7,254,40,13.024,81.19,HIGH,False,False,False,C-0088,T15-0427,HORIZONTAL_XY_PROFILE,PERPENDICULAR_TO_LOCAL_STEM_AXIS,False,STANDARD_HEIGHT_UNRELIABLE_CLEANER_WINDOW_SELECTED_ABOVE|STANDARD_REJECTED_CROSS_LANE_DIAMETER_DISAGREEMENT|ROBUST_MULTI_SLICE_WINDOW|POM_NOT_TIED_TO_PROP_ROOT_PLUS_030
TREE_0050,STANDARD_DBH,STANDARD_DBH,1.3,-6.766656,5.81,5.81,18.25,PUBLISHED_V2_ROBUST_MULTI_SLICE_CIRCLE_SCREENING,0.004714,0.767146,1.303533,190.0,0.000734,0.025275,1.0,7,45,36,9.453,75.0,MEDIUM,False,False,False,C-0128,T15-0447,HORIZONTAL_XY_PROFILE,PERPENDICULAR_TO_LOCAL_STEM_AXIS,False,STANDARD_HEIGHT_RELIABLE|ROBUST_MULTI_SLICE_WINDOW|POM_NOT_TIED_TO_PROP_ROOT_PLUS_030
TREE_0051,ALTERNATIVE_POM,ALTERNATIVE_POM,2.6,-6.121554,20.24,,63.6,PUBLISHED_V2_ROBUST_MULTI_SLICE_CIRCLE_SCREENING,0.005078,0.933927,1.070747,240.0,0.001603,0.015833,0.857143,6,428,71,8.235,85.72,HIGH,False,False,False,C-0547,T15-0455,HORIZONTAL_XY_PROFILE,PERPENDICULAR_TO_LOCAL_STEM_AXIS,False,STANDARD_HEIGHT_UNRELIABLE_CLEANER_WINDOW_SELECTED_ABOVE|STANDARD_REJECTED_NO_DETECTION_QUALITY_STABLE_WINDOW|STANDARD_REJECTED_PHASE1_5_AUTOMATIC_QUALITY_FAILED|STANDARD_REJECTED_CIRCULARITY_EVIDENCE_UNAVAILABLE|ROBUST_MULTI_SLICE_WINDOW|POM_NOT_TIED_TO_PROP_ROOT_PLUS_030
TREE_0052,ALTERNATIVE_POM,ALTERNATIVE_POM,1.8,-6.757333,4.85,,15.24,PUBLISHED_V2_ROBUST_MULTI_SLICE_CIRCLE_SCREENING,0.004399,0.733347,1.363611,240.0,0.000642,0.026472,1.0,7,251,95,10.176,77.19,MEDIUM,False,False,False,C-0105,T15-0464,HORIZONTAL_XY_PROFILE,PERPENDICULAR_TO_LOCAL_STEM_AXIS,False,STANDARD_HEIGHT_UNRELIABLE_CLEANER_WINDOW_SELECTED_ABOVE|STANDARD_REJECTED_NO_DETECTION_QUALITY_STABLE_WINDOW|STANDARD_REJECTED_PHASE1_5_AUTOMATIC_QUALITY_FAILED|STANDARD_REJECTED_CROSS_LANE_DIAMETER_DISAGREEMENT|ROBUST_MULTI_SLICE_WINDOW|POM_NOT_TIED_TO_PROP_ROOT_PLUS_030
TREE_0053,MANUAL_REVIEW,MANUAL_REVIEW,,-6.782048,,,,,,,,,,,,,,,,,MANUAL_REVIEW,False,False,False,,,HORIZONTAL_XY_PROFILE,,False,NO_PUBLISHED_MULTI_HEIGHT_EVIDENCE_FOR_TREE
TREE_0054,MANUAL_REVIEW,MANUAL_REVIEW,,-6.721673,,,,,,,,,,,,,,,,,MANUAL_REVIEW,False,False,False,,,HORIZONTAL_XY_PROFILE,,False,NO_PUBLISHED_MULTI_HEIGHT_EVIDENCE_FOR_TREE
TREE_0055,MANUAL_REVIEW,MANUAL_REVIEW,,-6.688763,,,,,0.00539,0.716185,1.396287,140.0,0.001259,0.028935,0.75,7,98,45,27.841,58.8,MANUAL_REVIEW,False,False,False,C-0627,T15-0480,HORIZONTAL_XY_PROFILE,PERPENDICULAR_TO_LOCAL_STEM_AXIS,False,QUALITY_SCORE_BELOW_THRESHOLD
TREE_0056,MANUAL_REVIEW,MANUAL_REVIEW,,-6.767826,,,,,0.006844,0.926796,1.078986,240.0,0.006386,0.071127,1.0,7,638,107,3.987,84.3,MANUAL_REVIEW,False,False,False,C-0008,T15-0510,HORIZONTAL_XY_PROFILE,PERPENDICULAR_TO_LOCAL_STEM_AXIS,False,OPERATIONALLY_EXCLUDED_TREE_ID|TREE_DETECTION_UNCERTAIN|NO_DETECTION_QUALITY_STABLE_WINDOW|PHASE1_5_AUTOMATIC_QUALITY_FAILED
TREE_0057,MANUAL_REVIEW,MANUAL_REVIEW,,-6.654428,,,,,,,,,,,,,,,,,MANUAL_REVIEW,False,False,False,,,HORIZONTAL_XY_PROFILE,,False,NO_PUBLISHED_MULTI_HEIGHT_EVIDENCE_FOR_TREE
TREE_0058,MANUAL_REVIEW,MANUAL_REVIEW,,-6.625839,,,,,0.008979,0.893906,1.118686,235.0,0.006367,0.03641,0.857143,6,5249,784,13.224,82.05,MANUAL_REVIEW,False,False,False,C-0410,T15-0573,HORIZONTAL_XY_PROFILE,PERPENDICULAR_TO_LOCAL_STEM_AXIS,False,TREE_DETECTION_UNCERTAIN|NO_DETECTION_QUALITY_STABLE_WINDOW
TREE_0059,MANUAL_REVIEW,MANUAL_REVIEW,,-6.656848,,,,,,,,,,,,,,,,,MANUAL_REVIEW,False,False,False,,,HORIZONTAL_XY_PROFILE,,False,NO_PUBLISHED_MULTI_HEIGHT_EVIDENCE_FOR_TREE
TREE_0060,MANUAL_REVIEW,MANUAL_REVIEW,,-6.63924,,,,,0.016323,0.955286,1.046807,250.0,0.011283,0.032646,0.714286,5,1299,238,44.263,71.22,MANUAL_REVIEW,False,False,False,C-0677,T15-0598,HORIZONTAL_XY_PROFILE,PERPENDICULAR_TO_LOCAL_STEM_AXIS,False,TREE_DETECTION_UNCERTAIN|NO_DETECTION_QUALITY_STABLE_WINDOW|AXIS_TOO_INCLINED
TREE_0061,MANUAL_REVIEW,MANUAL_REVIEW,,-6.703511,,,,,0.008816,0.83607,1.196072,180.0,0.012224,0.06677,1.0,7,762,70,26.504,71.13,MANUAL_REVIEW,False,False,False,C-0270,T15-0600,HORIZONTAL_XY_PROFILE,PERPENDICULAR_TO_LOCAL_STEM_AXIS,False,TREE_DETECTION_UNCERTAIN|NO_DETECTION_QUALITY_STABLE_WINDOW
TREE_0062,MANUAL_REVIEW,MANUAL_REVIEW,,-6.647049,,,,,0.005908,0.742429,1.346931,210.0,0.003191,0.12162,0.75,7,129,29,27.217,52.33,MANUAL_REVIEW,False,False,False,C-0622,T15-0626,HORIZONTAL_XY_PROFILE,PERPENDICULAR_TO_LOCAL_STEM_AXIS,False,QUALITY_SCORE_BELOW_THRESHOLD
TREE_0063,ALTERNATIVE_POM,ALTERNATIVE_POM,1.65,-6.716931,8.46,,26.57,PUBLISHED_V2_ROBUST_MULTI_SLICE_CIRCLE_SCREENING,0.005261,0.765057,1.307092,190.0,0.001027,0.024292,1.0,7,114,42,2.768,79.65,MEDIUM,False,False,False,C-0095,T15-0632,HORIZONTAL_XY_PROFILE,PERPENDICULAR_TO_LOCAL_STEM_AXIS,False,STANDARD_HEIGHT_UNRELIABLE_CLEANER_WINDOW_SELECTED_ABOVE|STANDARD_REJECTED_PHASE1_5_AUTOMATIC_QUALITY_FAILED|STANDARD_REJECTED_INSUFFICIENT_ARC_COVERAGE|STANDARD_REJECTED_CROSS_LANE_DIAMETER_DISAGREEMENT|ROBUST_MULTI_SLICE_WINDOW|POM_NOT_TIED_TO_PROP_ROOT_PLUS_030
TREE_0064,MANUAL_REVIEW,MANUAL_REVIEW,,-6.479227,,,,,0.005188,0.88188,1.133941,230.0,0.001449,0.014164,1.0,7,505,87,13.692,84.28,MANUAL_REVIEW,False,False,False,C-0871,T15-0634,HORIZONTAL_XY_PROFILE,PERPENDICULAR_TO_LOCAL_STEM_AXIS,False,TREE_DETECTION_UNCERTAIN
TREE_0065,MANUAL_REVIEW,MANUAL_REVIEW,,-6.733079,,,,,0.005565,0.852511,1.173006,240.0,0.000675,0.013549,1.0,7,1090,153,25.098,73.67,MANUAL_REVIEW,False,False,False,C-0711,T15-0640,HORIZONTAL_XY_PROFILE,PERPENDICULAR_TO_LOCAL_STEM_AXIS,False,TREE_DETECTION_UNCERTAIN
TREE_0066,ALTERNATIVE_POM,ALTERNATIVE_POM,2.25,-6.479898,16.45,,51.69,PUBLISHED_V2_ROBUST_MULTI_SLICE_CIRCLE_SCREENING,0.005045,0.942066,1.061496,220.0,0.000545,0.006621,1.0,7,280,32,11.148,83.1,HIGH,False,False,False,C-0118,T15-0641,HORIZONTAL_XY_PROFILE,PERPENDICULAR_TO_LOCAL_STEM_AXIS,False,STANDARD_HEIGHT_UNRELIABLE_CLEANER_WINDOW_SELECTED_ABOVE|STANDARD_REJECTED_NO_DETECTION_QUALITY_STABLE_WINDOW|STANDARD_REJECTED_PHASE1_5_AUTOMATIC_QUALITY_FAILED|STANDARD_REJECTED_QUALITY_SCORE_BELOW_THRESHOLD|STANDARD_REJECTED_INSUFFICIENT_ARC_COVERAGE|STANDARD_REJECTED_CIRCULARITY_EVIDENCE_UNAVAILABLE|STANDARD_REJECTED_UNSTABLE_RADIUS|STANDARD_REJECTED_CROSS_LANE_DIAMETER_DISAGREEMENT|ROBUST_MULTI_SLICE_WINDOW|POM_NOT_TIED_TO_PROP_ROOT_PLUS_030
TREE_0067,MANUAL_REVIEW,MANUAL_REVIEW,,-6.643503,,,,,0.025771,0.968074,1.032979,310.0,0.006204,0.013492,0.571429,4,836,248,25.251,74.92,MANUAL_REVIEW,False,False,False,C-0452,T15-0646,HORIZONTAL_XY_PROFILE,PERPENDICULAR_TO_LOCAL_STEM_AXIS,False,TREE_DETECTION_UNCERTAIN
TREE_0068,MANUAL_REVIEW,MANUAL_REVIEW,,-6.720317,,,,,,,,,,,,,,,,,MANUAL_REVIEW,False,False,False,,,HORIZONTAL_XY_PROFILE,,False,NO_PUBLISHED_MULTI_HEIGHT_EVIDENCE_FOR_TREE
TREE_0069,MANUAL_REVIEW,MANUAL_REVIEW,,-6.724998,,,,,0.005436,0.787567,1.269734,340.0,0.000437,0.010474,1.0,7,1700,313,23.077,75.44,MANUAL_REVIEW,False,False,False,C-0458,T15-0656,HORIZONTAL_XY_PROFILE,PERPENDICULAR_TO_LOCAL_STEM_AXIS,False,TREE_DETECTION_UNCERTAIN
TREE_0070,ALTERNATIVE_POM,ALTERNATIVE_POM,1.95,-6.373284,15.16,,47.62,PUBLISHED_V2_ROBUST_MULTI_SLICE_CIRCLE_SCREENING,0.005409,0.87329,1.145094,250.0,0.001056,0.013931,1.0,7,575,61,7.547,86.34,HIGH,False,False,False,C-0082,T15-0669,HORIZONTAL_XY_PROFILE,PERPENDICULAR_TO_LOCAL_STEM_AXIS,False,STANDARD_HEIGHT_UNRELIABLE_CLEANER_WINDOW_SELECTED_ABOVE|STANDARD_REJECTED_CROSS_LANE_DIAMETER_DISAGREEMENT|ROBUST_MULTI_SLICE_WINDOW|POM_NOT_TIED_TO_PROP_ROOT_PLUS_030
TREE_0071,MANUAL_REVIEW,MANUAL_REVIEW,,-6.455324,,,,,0.005351,0.935324,1.069148,230.0,0.001727,0.017547,1.0,7,295,61,16.265,84.58,MANUAL_REVIEW,False,False,False,C-0641,T15-0677,HORIZONTAL_XY_PROFILE,PERPENDICULAR_TO_LOCAL_STEM_AXIS,False,TREE_DETECTION_UNCERTAIN
TREE_0072,MANUAL_REVIEW,MANUAL_REVIEW,,-6.654463,,,,,0.004351,0.691942,1.445208,110.0,0.00075,0.028991,0.75,7,66,14,9.844,58.62,MANUAL_REVIEW,False,False,False,C-0073,T15-0687,HORIZONTAL_XY_PROFILE,PERPENDICULAR_TO_LOCAL_STEM_AXIS,False,QUALITY_SCORE_BELOW_THRESHOLD
TREE_0073,STANDARD_DBH,STANDARD_DBH,1.3,-6.731802,8.07,8.07,25.35,PUBLISHED_V2_ROBUST_MULTI_SLICE_CIRCLE_SCREENING,0.005341,0.74858,1.335863,280.0,0.000748,0.018525,1.0,7,1518,317,7.371,82.4,HIGH,False,False,False,C-0059,T15-0696,HORIZONTAL_XY_PROFILE,PERPENDICULAR_TO_LOCAL_STEM_AXIS,False,STANDARD_HEIGHT_RELIABLE|ROBUST_MULTI_SLICE_WINDOW|POM_NOT_TIED_TO_PROP_ROOT_PLUS_030
TREE_0074,MANUAL_REVIEW,MANUAL_REVIEW,,-6.734423,,,,,0.005176,,,250.0,0.00054,0.012468,0.75,7,,,35.22,59.55,MANUAL_REVIEW,False,False,False,C-0655,T15-0700,HORIZONTAL_XY_PROFILE,PERPENDICULAR_TO_LOCAL_STEM_AXIS,False,QUALITY_SCORE_BELOW_THRESHOLD|CIRCULARITY_EVIDENCE_UNAVAILABLE|AXIS_TOO_INCLINED
TREE_0075,STANDARD_DBH,STANDARD_DBH,1.3,-6.721889,8.37,8.37,26.3,PUBLISHED_V2_ROBUST_MULTI_SLICE_CIRCLE_SCREENING,0.005457,0.84112,1.188891,300.0,0.001213,0.028986,1.0,7,1264,454,9.189,83.14,HIGH,False,False,False,C-0516,T15-0735,HORIZONTAL_XY_PROFILE,PERPENDICULAR_TO_LOCAL_STEM_AXIS,False,STANDARD_HEIGHT_RELIABLE|ROBUST_MULTI_SLICE_WINDOW|POM_NOT_TIED_TO_PROP_ROOT_PLUS_030
TREE_0076,STANDARD_DBH,STANDARD_DBH,1.3,-6.7205,8.44,8.44,26.52,PUBLISHED_V2_ROBUST_MULTI_SLICE_CIRCLE_SCREENING,0.005422,0.870732,1.148459,300.0,0.001116,0.026433,1.0,7,1095,135,23.482,78.17,MEDIUM,False,False,False,C-0370,T15-0737,HORIZONTAL_XY_PROFILE,PERPENDICULAR_TO_LOCAL_STEM_AXIS,False,STANDARD_HEIGHT_RELIABLE|ROBUST_MULTI_SLICE_WINDOW|POM_NOT_TIED_TO_PROP_ROOT_PLUS_030
TREE_0077,ALTERNATIVE_POM,ALTERNATIVE_POM,1.75,-6.712546,5.71,,17.94,PUBLISHED_V2_ROBUST_MULTI_SLICE_CIRCLE_SCREENING,0.005114,0.913826,1.094301,160.0,0.001173,0.041069,1.0,7,94,25,5.865,72.49,MEDIUM,False,False,False,C-0541,T15-0749,HORIZONTAL_XY_PROFILE,PERPENDICULAR_TO_LOCAL_STEM_AXIS,False,STANDARD_HEIGHT_UNRELIABLE_CLEANER_WINDOW_SELECTED_ABOVE|STANDARD_REJECTED_PHASE1_5_AUTOMATIC_QUALITY_FAILED|STANDARD_REJECTED_QUALITY_SCORE_BELOW_THRESHOLD|STANDARD_REJECTED_INSUFFICIENT_ARC_COVERAGE|STANDARD_REJECTED_CIRCULARITY_EVIDENCE_UNAVAILABLE|STANDARD_REJECTED_CROSS_LANE_DIAMETER_DISAGREEMENT|ROBUST_MULTI_SLICE_WINDOW|POM_NOT_TIED_TO_PROP_ROOT_PLUS_030
TREE_0078,ALTERNATIVE_POM,ALTERNATIVE_POM,1.75,-6.711829,5.81,,18.26,PUBLISHED_V2_ROBUST_MULTI_SLICE_CIRCLE_SCREENING,0.004809,0.575433,1.737821,160.0,0.001276,0.043926,1.0,7,107,29,5.354,68.35,MEDIUM,False,False,False,C-0067,T15-0757,HORIZONTAL_XY_PROFILE,PERPENDICULAR_TO_LOCAL_STEM_AXIS,False,STANDARD_HEIGHT_UNRELIABLE_CLEANER_WINDOW_SELECTED_ABOVE|STANDARD_REJECTED_PHASE1_5_AUTOMATIC_QUALITY_FAILED|STANDARD_REJECTED_QUALITY_SCORE_BELOW_THRESHOLD|STANDARD_REJECTED_INSUFFICIENT_ARC_COVERAGE|STANDARD_REJECTED_UNSTABLE_RADIUS|STANDARD_REJECTED_CROSS_LANE_DIAMETER_DISAGREEMENT|ROBUST_MULTI_SLICE_WINDOW|POM_NOT_TIED_TO_PROP_ROOT_PLUS_030
TREE_0079,MANUAL_REVIEW,MANUAL_REVIEW,,-6.716127,,,,,0.010128,0.719454,1.389943,100.0,0.009685,0.041355,0.857143,6,414,34,14.714,64.18,MANUAL_REVIEW,False,False,False,C-0050,T15-0793,HORIZONTAL_XY_PROFILE,PERPENDICULAR_TO_LOCAL_STEM_AXIS,False,OPERATIONALLY_EXCLUDED_TREE_ID|NO_DETECTION_QUALITY_STABLE_WINDOW
TREE_0080,MANUAL_REVIEW,MANUAL_REVIEW,,-6.702649,,,,,,,,,,,,,,,,,MANUAL_REVIEW,False,False,False,,,HORIZONTAL_XY_PROFILE,,False,TREE_DETECTION_UNCERTAIN|NO_PUBLISHED_MULTI_HEIGHT_EVIDENCE_FOR_TREE
TREE_0081,STANDARD_DBH,STANDARD_DBH,1.3,-6.716967,7.96,7.96,25.02,PUBLISHED_V2_ROBUST_MULTI_SLICE_CIRCLE_SCREENING,0.005419,0.784632,1.274483,230.0,0.000649,0.01631,1.0,7,204,122,8.861,81.88,HIGH,False,False,False,C-0732,T15-0816,HORIZONTAL_XY_PROFILE,PERPENDICULAR_TO_LOCAL_STEM_AXIS,False,STANDARD_HEIGHT_RELIABLE|ROBUST_MULTI_SLICE_WINDOW|POM_NOT_TIED_TO_PROP_ROOT_PLUS_030
TREE_0082,MANUAL_REVIEW,MANUAL_REVIEW,,-6.708812,,,,,,,,,,,,,,,,,MANUAL_REVIEW,False,False,False,,,HORIZONTAL_XY_PROFILE,,False,NO_PUBLISHED_MULTI_HEIGHT_EVIDENCE_FOR_TREE
TREE_0083,MANUAL_REVIEW,MANUAL_REVIEW,,-6.711548,,,,,0.004841,0.834397,1.19847,140.0,0.000416,0.011326,0.0,7,109,18,0.0,45.79,MANUAL_REVIEW,False,False,False,C-0736,T15-0824,HORIZONTAL_XY_PROFILE,PERPENDICULAR_TO_LOCAL_STEM_AXIS,False,QUALITY_SCORE_BELOW_THRESHOLD
TREE_0084,MANUAL_REVIEW,MANUAL_REVIEW,,-6.699816,,,,,,,,,,,,,,,,,MANUAL_REVIEW,False,False,False,,,HORIZONTAL_XY_PROFILE,,False,NO_PUBLISHED_MULTI_HEIGHT_EVIDENCE_FOR_TREE
TREE_0085,ALTERNATIVE_POM,ALTERNATIVE_POM,2.7,-6.419217,13.97,,43.9,PUBLISHED_V2_ROBUST_MULTI_SLICE_CIRCLE_SCREENING,0.005602,0.90058,1.110396,270.0,0.000326,0.004668,0.75,7,501,68,17.362,79.34,MEDIUM,False,False,False,C-0599,T15-0849,HORIZONTAL_XY_PROFILE,PERPENDICULAR_TO_LOCAL_STEM_AXIS,False,STANDARD_HEIGHT_UNRELIABLE_CLEANER_WINDOW_SELECTED_ABOVE|STANDARD_REJECTED_NO_DETECTION_QUALITY_STABLE_WINDOW|STANDARD_REJECTED_PHASE1_5_AUTOMATIC_QUALITY_FAILED|STANDARD_REJECTED_QUALITY_SCORE_BELOW_THRESHOLD|STANDARD_REJECTED_INSUFFICIENT_ARC_COVERAGE|STANDARD_REJECTED_CIRCULARITY_EVIDENCE_UNAVAILABLE|STANDARD_REJECTED_CROSS_LANE_DIAMETER_DISAGREEMENT|ROBUST_MULTI_SLICE_WINDOW|POM_NOT_TIED_TO_PROP_ROOT_PLUS_030
TREE_0086,MANUAL_REVIEW,MANUAL_REVIEW,,-6.701116,,,,,,,,,,,,,,,,,MANUAL_REVIEW,False,False,False,,,HORIZONTAL_XY_PROFILE,,False,IDENTITY_REVIEW_FALSE_POSITIVE|TREE_DETECTION_UNCERTAIN|NO_PUBLISHED_MULTI_HEIGHT_EVIDENCE_FOR_TREE
TREE_0087,MANUAL_REVIEW,MANUAL_REVIEW,,-6.608045,,,,,0.012585,0.69051,1.448204,195.0,0.014385,0.056035,0.857143,6,2604,110,42.766,60.26,MANUAL_REVIEW,False,False,False,C-0064,T15-0857,HORIZONTAL_XY_PROFILE,PERPENDICULAR_TO_LOCAL_STEM_AXIS,False,IDENTITY_REVIEW_FALSE_POSITIVE|NO_DETECTION_QUALITY_STABLE_WINDOW|PHASE1_5_AUTOMATIC_QUALITY_FAILED|QUALITY_SCORE_BELOW_THRESHOLD|AXIS_TOO_INCLINED
TREE_0088,MANUAL_REVIEW,MANUAL_REVIEW,,-6.655664,,,,,,,,,,,,,,,,,MANUAL_REVIEW,False,False,False,,,HORIZONTAL_XY_PROFILE,,False,OPERATIONALLY_EXCLUDED_TREE_ID|IDENTITY_REVIEW_FALSE_POSITIVE|TREE_DETECTION_UNCERTAIN|NO_PUBLISHED_MULTI_HEIGHT_EVIDENCE_FOR_TREE
TREE_0089,MANUAL_REVIEW,MANUAL_REVIEW,,-6.497806,,,,,0.006118,0.936118,1.068242,220.0,0.002831,0.035988,0.857143,6,503,72,22.716,74.12,MANUAL_REVIEW,False,False,False,C-0259,T15-0874,HORIZONTAL_XY_PROFILE,PERPENDICULAR_TO_LOCAL_STEM_AXIS,False,IDENTITY_REVIEW_FALSE_POSITIVE|TREE_DETECTION_UNCERTAIN|NO_DETECTION_QUALITY_STABLE_WINDOW
TREE_0090,MANUAL_REVIEW,MANUAL_REVIEW,,-6.441156,,,,,0.01974,0.914257,1.093785,210.0,0.009003,0.022155,0.5,7,1082,217,49.773,66.85,MANUAL_REVIEW,False,False,False,C-0492,T15-0881,HORIZONTAL_XY_PROFILE,PERPENDICULAR_TO_LOCAL_STEM_AXIS,False,OPERATIONALLY_EXCLUDED_TREE_ID|TREE_DETECTION_UNCERTAIN|NO_DETECTION_QUALITY_STABLE_WINDOW|AXIS_TOO_INCLINED
TREE_0091,ALTERNATIVE_POM,ALTERNATIVE_POM,1.9,-6.708494,4.13,,12.97,PUBLISHED_V2_ROBUST_MULTI_SLICE_CIRCLE_SCREENING,0.005048,0.690325,1.448593,175.0,0.000245,0.011885,0.857143,6,242,43,1.149,66.76,MEDIUM,False,False,False,C-0404,T15-0882,HORIZONTAL_XY_PROFILE,PERPENDICULAR_TO_LOCAL_STEM_AXIS,False,STANDARD_HEIGHT_UNRELIABLE_CLEANER_WINDOW_SELECTED_ABOVE|STANDARD_REJECTED_QUALITY_SCORE_BELOW_THRESHOLD|STANDARD_REJECTED_HIGH_FIT_RMSE|ROBUST_MULTI_SLICE_WINDOW|POM_NOT_TIED_TO_PROP_ROOT_PLUS_030
TREE_0092,MANUAL_REVIEW,MANUAL_REVIEW,,-6.628395,,,,,,,,,,,,,,,,,MANUAL_REVIEW,False,False,False,,,HORIZONTAL_XY_PROFILE,,False,OPERATIONALLY_EXCLUDED_TREE_ID|IDENTITY_REVIEW_FALSE_POSITIVE|NO_PUBLISHED_MULTI_HEIGHT_EVIDENCE_FOR_TREE
TREE_0093,MANUAL_REVIEW,MANUAL_REVIEW,,-6.414825,,,,,0.005891,0.772148,1.295089,250.0,0.000532,0.00687,0.25,7,850,209,59.135,65.45,MANUAL_REVIEW,False,False,False,C-0766,T15-0906,HORIZONTAL_XY_PROFILE,PERPENDICULAR_TO_LOCAL_STEM_AXIS,False,OPERATIONALLY_EXCLUDED_TREE_ID|AXIS_TOO_INCLINED
TREE_0094,ALTERNATIVE_POM,ALTERNATIVE_POM,1.9,-6.708494,4.13,,12.97,PUBLISHED_V2_ROBUST_MULTI_SLICE_CIRCLE_SCREENING,0.005048,0.690325,1.448593,175.0,0.000245,0.011885,0.857143,6,242,43,1.149,66.76,MEDIUM,False,False,False,C-0404,T15-0882,HORIZONTAL_XY_PROFILE,PERPENDICULAR_TO_LOCAL_STEM_AXIS,False,STANDARD_HEIGHT_UNRELIABLE_CLEANER_WINDOW_SELECTED_ABOVE|STANDARD_REJECTED_QUALITY_SCORE_BELOW_THRESHOLD|STANDARD_REJECTED_HIGH_FIT_RMSE|ROBUST_MULTI_SLICE_WINDOW|POM_NOT_TIED_TO_PROP_ROOT_PLUS_030
TREE_0095,MANUAL_REVIEW,MANUAL_REVIEW,,-6.548622,,,,,,,,,,,,,,,,,MANUAL_REVIEW,False,False,False,,,HORIZONTAL_XY_PROFILE,,False,NO_PUBLISHED_MULTI_HEIGHT_EVIDENCE_FOR_TREE
TREE_0096,MANUAL_REVIEW,MANUAL_REVIEW,,-6.69511,,,,,,,,,,,,,,,,,MANUAL_REVIEW,False,False,False,,,HORIZONTAL_XY_PROFILE,,False,IDENTITY_REVIEW_FALSE_POSITIVE|TREE_DETECTION_UNCERTAIN|NO_PUBLISHED_MULTI_HEIGHT_EVIDENCE_FOR_TREE
TREE_0097,MANUAL_REVIEW,MANUAL_REVIEW,,-6.686447,,,,,,,,,,,,,,,,,MANUAL_REVIEW,False,False,False,,,HORIZONTAL_XY_PROFILE,,False,NO_PUBLISHED_MULTI_HEIGHT_EVIDENCE_FOR_TREE
TREE_0098,MANUAL_REVIEW,MANUAL_REVIEW,,-6.672876,,,,,,,,,,,,,,,,,MANUAL_REVIEW,False,False,False,,,HORIZONTAL_XY_PROFILE,,False,IDENTITY_REVIEW_DUPLICATE|NO_PUBLISHED_MULTI_HEIGHT_EVIDENCE_FOR_TREE
TREE_0099,MANUAL_REVIEW,MANUAL_REVIEW,,-6.682575,,,,,,,,,,,,,,,,,MANUAL_REVIEW,False,False,False,,,HORIZONTAL_XY_PROFILE,,False,NO_PUBLISHED_MULTI_HEIGHT_EVIDENCE_FOR_TREE
TREE_0100,ALTERNATIVE_POM,ALTERNATIVE_POM,2.8,-6.697123,12.72,,39.95,PUBLISHED_V2_ROBUST_MULTI_SLICE_CIRCLE_SCREENING,0.004897,0.833202,1.200189,160.0,0.000988,0.015536,1.0,7,95,65,17.785,76.11,MEDIUM,False,False,False,C-0882,T15-0956,HORIZONTAL_XY_PROFILE,PERPENDICULAR_TO_LOCAL_STEM_AXIS,False,STANDARD_HEIGHT_UNRELIABLE_CLEANER_WINDOW_SELECTED_ABOVE|STANDARD_REJECTED_NO_DETECTION_QUALITY_STABLE_WINDOW|STANDARD_REJECTED_PHASE1_5_AUTOMATIC_QUALITY_FAILED|STANDARD_REJECTED_LOW_CIRCULARITY|STANDARD_REJECTED_AXIS_TOO_INCLINED|ROBUST_MULTI_SLICE_WINDOW|POM_NOT_TIED_TO_PROP_ROOT_PLUS_030
TREE_0101,MANUAL_REVIEW,MANUAL_REVIEW,,-6.672043,,,,,0.005775,0.824442,1.212942,90.0,0.00208,0.021589,1.0,7,95,11,8.855,71.23,MANUAL_REVIEW,False,False,False,C-0049,T15-0972,HORIZONTAL_XY_PROFILE,PERPENDICULAR_TO_LOCAL_STEM_AXIS,False,TREE_DETECTION_UNCERTAIN|NO_DETECTION_QUALITY_STABLE_WINDOW|INSUFFICIENT_ARC_COVERAGE
TREE_0102,MANUAL_REVIEW,MANUAL_REVIEW,,-6.672259,,,,,,,,,,,,,,,,,MANUAL_REVIEW,False,False,False,,,HORIZONTAL_XY_PROFILE,,False,NO_PUBLISHED_MULTI_HEIGHT_EVIDENCE_FOR_TREE
TREE_0103,STANDARD_DBH,STANDARD_DBH,1.3,-6.497806,8.19,8.19,25.73,PUBLISHED_V2_ROBUST_MULTI_SLICE_CIRCLE_SCREENING,0.00548,0.835092,1.197473,300.0,0.00094,0.022951,1.0,7,430,72,1.796,80.54,HIGH,False,False,False,C-0465,T15-0974,HORIZONTAL_XY_PROFILE,PERPENDICULAR_TO_LOCAL_STEM_AXIS,False,STANDARD_HEIGHT_RELIABLE|ROBUST_MULTI_SLICE_WINDOW|POM_NOT_TIED_TO_PROP_ROOT_PLUS_030
TREE_0104,MANUAL_REVIEW,MANUAL_REVIEW,,-6.68477,,,,,0.006793,0.393947,2.53841,170.0,0.004899,0.037302,1.0,7,537,180,46.704,65.91,MANUAL_REVIEW,False,False,False,C-0385,T15-0978,HORIZONTAL_XY_PROFILE,PERPENDICULAR_TO_LOCAL_STEM_AXIS,False,NO_DETECTION_QUALITY_STABLE_WINDOW|PHASE1_5_AUTOMATIC_QUALITY_FAILED|LOW_CIRCULARITY|AXIS_TOO_INCLINED|CROSS_LANE_DIAMETER_DISAGREEMENT
TREE_0105,STANDARD_DBH,STANDARD_DBH,1.3,-6.684189,8.22,8.22,25.81,PUBLISHED_V2_ROBUST_MULTI_SLICE_CIRCLE_SCREENING,0.004468,0.852388,1.173175,260.0,0.000463,0.011272,1.0,7,2098,580,8.013,84.79,HIGH,False,False,False,C-0006,T15-0992,HORIZONTAL_XY_PROFILE,PERPENDICULAR_TO_LOCAL_STEM_AXIS,False,STANDARD_HEIGHT_RELIABLE|ROBUST_MULTI_SLICE_WINDOW|POM_NOT_TIED_TO_PROP_ROOT_PLUS_030
TREE_0106,MANUAL_REVIEW,MANUAL_REVIEW,,-6.650924,,,,,0.005177,0.985507,1.014706,290.0,0.00019,0.006236,0.75,7,505,48,17.225,69.34,MANUAL_REVIEW,False,False,False,C-0007,T15-1007,HORIZONTAL_XY_PROFILE,PERPENDICULAR_TO_LOCAL_STEM_AXIS,False,TREE_DETECTION_UNCERTAIN
TREE_0107,MANUAL_REVIEW,MANUAL_REVIEW,,-6.650989,,,,,,,,,,,,,,,,,MANUAL_REVIEW,False,False,False,,,HORIZONTAL_XY_PROFILE,,False,NO_PUBLISHED_MULTI_HEIGHT_EVIDENCE_FOR_TREE
TREE_0108,MANUAL_REVIEW,MANUAL_REVIEW,,-6.672395,,,,,,,,,,,,,,,,,MANUAL_REVIEW,False,False,False,,,HORIZONTAL_XY_PROFILE,,False,NO_PUBLISHED_MULTI_HEIGHT_EVIDENCE_FOR_TREE
TREE_0109,MANUAL_REVIEW,MANUAL_REVIEW,,-6.358164,,,,,,,,,,,,,,,,,MANUAL_REVIEW,False,False,False,,,HORIZONTAL_XY_PROFILE,,False,TREE_DETECTION_UNCERTAIN|NO_PUBLISHED_MULTI_HEIGHT_EVIDENCE_FOR_TREE
TREE_0110,MANUAL_REVIEW,MANUAL_REVIEW,,-6.661097,,,,,,,,,,,,,,,,,MANUAL_REVIEW,False,False,False,,,HORIZONTAL_XY_PROFILE,,False,NO_PUBLISHED_MULTI_HEIGHT_EVIDENCE_FOR_TREE
TREE_0111,MANUAL_REVIEW,MANUAL_REVIEW,,-6.274456,,,,,0.008514,0.940243,1.063555,160.0,0.020045,0.089022,0.75,7,2643,424,52.914,61.14,MANUAL_REVIEW,False,False,False,C-0429,T15-1038,HORIZONTAL_XY_PROFILE,PERPENDICULAR_TO_LOCAL_STEM_AXIS,False,NO_DETECTION_QUALITY_STABLE_WINDOW|PHASE1_5_AUTOMATIC_QUALITY_FAILED|QUALITY_SCORE_BELOW_THRESHOLD|AXIS_TOO_INCLINED
TREE_0112,ALTERNATIVE_POM,ALTERNATIVE_POM,2.75,-6.670253,5.41,,17.0,PUBLISHED_V2_ROBUST_MULTI_SLICE_CIRCLE_SCREENING,0.004436,0.5903,1.694053,210.0,0.000677,0.025029,1.0,7,106,12,12.562,73.01,MEDIUM,False,False,False,C-0045,T15-1042,HORIZONTAL_XY_PROFILE,PERPENDICULAR_TO_LOCAL_STEM_AXIS,False,STANDARD_HEIGHT_UNRELIABLE_CLEANER_WINDOW_SELECTED_ABOVE|STANDARD_REJECTED_NO_DETECTION_QUALITY_STABLE_WINDOW|STANDARD_REJECTED_PHASE1_5_AUTOMATIC_QUALITY_FAILED|STANDARD_REJECTED_INSUFFICIENT_ARC_COVERAGE|STANDARD_REJECTED_LOW_CIRCULARITY|STANDARD_REJECTED_CROSS_LANE_DIAMETER_DISAGREEMENT|ROBUST_MULTI_SLICE_WINDOW|POM_NOT_TIED_TO_PROP_ROOT_PLUS_030
TREE_0113,ALTERNATIVE_POM,ALTERNATIVE_POM,3.0,-6.504358,16.46,,51.72,PUBLISHED_V2_ROBUST_MULTI_SLICE_CIRCLE_SCREENING,0.005848,0.675994,1.479302,110.0,0.001553,0.018867,1.0,7,22,13,5.963,72.71,MEDIUM,False,False,False,C-0600,T15-1062,HORIZONTAL_XY_PROFILE,PERPENDICULAR_TO_LOCAL_STEM_AXIS,False,STANDARD_HEIGHT_UNRELIABLE_CLEANER_WINDOW_SELECTED_ABOVE|STANDARD_REJECTED_NO_DETECTION_QUALITY_STABLE_WINDOW|STANDARD_REJECTED_PHASE1_5_AUTOMATIC_QUALITY_FAILED|STANDARD_REJECTED_QUALITY_SCORE_BELOW_THRESHOLD|STANDARD_REJECTED_INSUFFICIENT_ARC_COVERAGE|STANDARD_REJECTED_CIRCULARITY_EVIDENCE_UNAVAILABLE|ROBUST_MULTI_SLICE_WINDOW|POM_NOT_TIED_TO_PROP_ROOT_PLUS_030
TREE_0114,MANUAL_REVIEW,MANUAL_REVIEW,,-6.683985,,,,,0.005917,0.951915,1.050514,170.0,0.0,0.0,0.0,3,405,51,0.0,52.53,MANUAL_REVIEW,False,False,False,C-0162,T15-1071,HORIZONTAL_XY_PROFILE,PERPENDICULAR_TO_LOCAL_STEM_AXIS,False,NO_DETECTION_QUALITY_STABLE_WINDOW|QUALITY_SCORE_BELOW_THRESHOLD|INSUFFICIENT_WINDOW_CONTINUITY
TREE_0115,MANUAL_REVIEW,MANUAL_REVIEW,,-6.634269,,,,,0.016857,0.928531,1.07697,270.0,0.013826,0.04537,0.857143,6,1416,334,11.744,82.79,MANUAL_REVIEW,False,False,False,C-0294,T15-1077,HORIZONTAL_XY_PROFILE,PERPENDICULAR_TO_LOCAL_STEM_AXIS,False,TREE_DETECTION_UNCERTAIN|NO_DETECTION_QUALITY_STABLE_WINDOW|PHASE1_5_AUTOMATIC_QUALITY_FAILED
TREE_0116,MANUAL_REVIEW,MANUAL_REVIEW,,-6.647354,,,,,0.011596,0.916009,1.091692,175.0,0.016625,0.073276,0.857143,6,1941,277,54.434,61.23,MANUAL_REVIEW,False,False,False,C-0120,T15-1117,HORIZONTAL_XY_PROFILE,PERPENDICULAR_TO_LOCAL_STEM_AXIS,False,TREE_DETECTION_UNCERTAIN|NO_DETECTION_QUALITY_STABLE_WINDOW|PHASE1_5_AUTOMATIC_QUALITY_FAILED|QUALITY_SCORE_BELOW_THRESHOLD|AXIS_TOO_INCLINED
TREE_0117,ALTERNATIVE_POM,ALTERNATIVE_POM,2.3,-6.650054,12.39,,38.91,PUBLISHED_V2_ROBUST_MULTI_SLICE_CIRCLE_SCREENING,0.00527,0.787396,1.270008,150.0,0.002771,0.044747,1.0,7,76,20,13.612,73.6,MEDIUM,False,False,False,C-0774,T15-1137,HORIZONTAL_XY_PROFILE,PERPENDICULAR_TO_LOCAL_STEM_AXIS,False,STANDARD_HEIGHT_UNRELIABLE_CLEANER_WINDOW_SELECTED_ABOVE|STANDARD_REJECTED_PHASE1_5_AUTOMATIC_QUALITY_FAILED|STANDARD_REJECTED_INSUFFICIENT_ARC_COVERAGE|ROBUST_MULTI_SLICE_WINDOW|POM_NOT_TIED_TO_PROP_ROOT_PLUS_030
TREE_0118,MANUAL_REVIEW,MANUAL_REVIEW,,-6.064021,,,,,0.004735,0.415302,2.407887,90.0,0.002413,0.036762,1.0,7,109,15,13.219,60.51,MANUAL_REVIEW,False,False,False,C-0567,T15-1163,HORIZONTAL_XY_PROFILE,PERPENDICULAR_TO_LOCAL_STEM_AXIS,False,TREE_DETECTION_UNCERTAIN|INSUFFICIENT_ARC_COVERAGE|LOW_CIRCULARITY
