tree_id,status,measurement_kind,measurement_height_agl_m,local_ground_z_m,diameter_cm,dbh_cm,circumference_cm,fit_model,fit_rmse_m,relative_fit_rmse,circularity,ellipse_axis_ratio,arc_coverage_deg,radius_stability_mad_m,radius_stability_relative_mad,supporting_slice_count,point_count,inlier_count,quality_score,confidence_label,detection_status,identity_review_status,perpendicular_refit_performed,field_verified,reason_codes
TREE_0001,MANUAL_REVIEW,MANUAL_REVIEW,,-6.632731,,,,,0.010599,0.049808,0.886334,1.128243,230.0,0.0,0.0,1,2511,648,64.94,MANUAL_REVIEW,UNCERTAIN,NOT_REVIEWED,True,False,TREE_DETECTION_UNCERTAIN|INSUFFICIENT_VERTICAL_CONTINUITY|SECTION_RADIUS_EXCEEDS_AUTOMATIC_COHORT_GUARDRAIL
TREE_0002,MANUAL_REVIEW,MANUAL_REVIEW,,-6.302931,,,,,0.014388,0.045981,0.996647,1.003364,310.0,0.0,0.0,1,8420,2832,85.32,MANUAL_REVIEW,UNCERTAIN,NOT_REVIEWED,True,False,TREE_DETECTION_UNCERTAIN|INSUFFICIENT_VERTICAL_CONTINUITY|SECTION_RADIUS_EXCEEDS_AUTOMATIC_COHORT_GUARDRAIL
TREE_0003,MANUAL_REVIEW,MANUAL_REVIEW,,-6.749943,,,,,0.015707,0.033209,0.993407,1.006637,240.0,0.0,0.0,1,31122,10379,81.59,MANUAL_REVIEW,UNCERTAIN,NOT_REVIEWED,True,False,OPERATIONALLY_EXCLUDED_TREE_ID|TREE_DETECTION_UNCERTAIN|INSUFFICIENT_VERTICAL_CONTINUITY|SECTION_RADIUS_EXCEEDS_AUTOMATIC_COHORT_GUARDRAIL
TREE_0004,ALTERNATIVE_POM,ALTERNATIVE_POM,1.7,-6.728825,6.58,,20.68,FULL_LAS_ROBUST_CIRCLE_PERPENDICULAR_TO_LOCAL_AXIS,0.002748,0.083522,0.979455,1.020976,340.0,0.000533,0.016186,3,11925,2344,89.39,HIGH,PROBABLE,NOT_REVIEWED,True,False,FULL_SOURCE_LAS_PERPENDICULAR_REFIT|ROBUST_MULTI_HEIGHT_STABILITY_QA|STANDARD_HEIGHT_UNRELIABLE_CLEANER_SECTION_SELECTED_ABOVE|POM_NOT_TIED_TO_PROP_ROOT_PLUS_030|STANDARD_REJECTED_NO_PLAUSIBLE_PERPENDICULAR_FIT
TREE_0005,MANUAL_REVIEW,MANUAL_REVIEW,,-5.915935,,,,,0.015516,0.031669,0.999101,1.0009,360.0,0.04034,0.082337,3,63963,16661,84.84,MANUAL_REVIEW,PROBABLE,NOT_REVIEWED,True,False,SECTION_RADIUS_EXCEEDS_AUTOMATIC_COHORT_GUARDRAIL
TREE_0006,MANUAL_REVIEW,MANUAL_REVIEW,,-6.729703,,,,,0.014789,0.034246,0.980075,1.02033,310.0,0.003326,0.007702,2,65416,21836,90.52,MANUAL_REVIEW,UNCERTAIN,NOT_REVIEWED,True,False,TREE_DETECTION_UNCERTAIN|INSUFFICIENT_VERTICAL_CONTINUITY|LOCAL_AXIS_UNCERTAINTY_TOO_HIGH|SECTION_RADIUS_EXCEEDS_AUTOMATIC_COHORT_GUARDRAIL|CLEANER_SMALLER_UPPER_SECTION_AVAILABLE
TREE_0007,MANUAL_REVIEW,MANUAL_REVIEW,,-6.747363,,,,,0.017202,0.050751,0.943024,1.060418,350.0,0.0,0.0,1,61499,15119,81.29,MANUAL_REVIEW,UNCERTAIN,NOT_REVIEWED,True,False,TREE_DETECTION_UNCERTAIN|INSUFFICIENT_VERTICAL_CONTINUITY|SECTION_RADIUS_EXCEEDS_AUTOMATIC_COHORT_GUARDRAIL
TREE_0008,ALTERNATIVE_POM,ALTERNATIVE_POM,1.6,-6.657097,6.39,,20.06,FULL_LAS_ROBUST_CIRCLE_PERPENDICULAR_TO_LOCAL_AXIS,0.003122,0.097772,0.9782,1.022286,360.0,0.000657,0.020561,3,80381,41317,88.49,HIGH,PROBABLE,NOT_REVIEWED,True,False,FULL_SOURCE_LAS_PERPENDICULAR_REFIT|ROBUST_MULTI_HEIGHT_STABILITY_QA|STANDARD_HEIGHT_UNRELIABLE_CLEANER_SECTION_SELECTED_ABOVE|POM_NOT_TIED_TO_PROP_ROOT_PLUS_030|STANDARD_REJECTED_INSUFFICIENT_VERTICAL_CONTINUITY
TREE_0009,ALTERNATIVE_POM,ALTERNATIVE_POM,1.6,-6.727257,4.14,,13.02,FULL_LAS_ROBUST_CIRCLE_PERPENDICULAR_TO_LOCAL_AXIS,0.003383,0.163247,0.851267,1.17472,330.0,0.000121,0.005816,3,10060,1732,76.71,MEDIUM,CONFIRMED,NOT_REVIEWED,True,False,FULL_SOURCE_LAS_PERPENDICULAR_REFIT|ROBUST_MULTI_HEIGHT_STABILITY_QA|STANDARD_HEIGHT_UNRELIABLE_CLEANER_SECTION_SELECTED_ABOVE|POM_NOT_TIED_TO_PROP_ROOT_PLUS_030|STANDARD_REJECTED_QUALITY_SCORE_BELOW_THRESHOLD|STANDARD_REJECTED_INSUFFICIENT_ARC_COVERAGE|STANDARD_REJECTED_ELLIPSE_TOO_NONCIRCULAR|STANDARD_REJECTED_RADIUS_RANGE_UNSTABLE_ACROSS_HEIGHTS|STANDARD_REJECTED_SECTION_RADIUS_EXCEEDS_AUTOMATIC_COHORT_GUARDRAIL|STANDARD_REJECTED_CLEANER_SMALLER_UPPER_SECTION_AVAILABLE
TREE_0010,ALTERNATIVE_POM,ALTERNATIVE_POM,1.9,-6.449524,10.29,,32.34,FULL_LAS_ROBUST_CIRCLE_PERPENDICULAR_TO_LOCAL_AXIS,0.003084,0.059927,0.992709,1.007344,310.0,0.000542,0.010536,3,1599,572,92.02,HIGH,PROBABLE,NOT_REVIEWED,True,False,FULL_SOURCE_LAS_PERPENDICULAR_REFIT|ROBUST_MULTI_HEIGHT_STABILITY_QA|STANDARD_HEIGHT_UNRELIABLE_CLEANER_SECTION_SELECTED_ABOVE|POM_NOT_TIED_TO_PROP_ROOT_PLUS_030|STANDARD_REJECTED_NO_PLAUSIBLE_PERPENDICULAR_FIT
TREE_0011,ALTERNATIVE_POM,ALTERNATIVE_POM,1.9,-6.66962,8.95,,28.12,FULL_LAS_ROBUST_CIRCLE_PERPENDICULAR_TO_LOCAL_AXIS,0.002789,0.062327,0.946671,1.056334,300.0,0.004695,0.104912,3,18863,15392,84.97,HIGH,CONFIRMED,NOT_REVIEWED,True,False,FULL_SOURCE_LAS_PERPENDICULAR_REFIT|ROBUST_MULTI_HEIGHT_STABILITY_QA|STANDARD_HEIGHT_UNRELIABLE_CLEANER_SECTION_SELECTED_ABOVE|POM_NOT_TIED_TO_PROP_ROOT_PLUS_030|STANDARD_REJECTED_INSUFFICIENT_VERTICAL_CONTINUITY
TREE_0012,MANUAL_REVIEW,MANUAL_REVIEW,,-6.596821,,,,,0.016419,0.037822,0.979522,1.020906,340.0,0.0,0.0,1,129307,27370,77.54,MANUAL_REVIEW,UNCERTAIN,NOT_REVIEWED,True,False,TREE_DETECTION_UNCERTAIN|INSUFFICIENT_VERTICAL_CONTINUITY|SECTION_RADIUS_EXCEEDS_AUTOMATIC_COHORT_GUARDRAIL
TREE_0013,MANUAL_REVIEW,MANUAL_REVIEW,,-6.698568,,,,,0.002435,0.065138,0.978501,1.021971,150.0,0.008601,0.230097,3,345,26,58.07,MANUAL_REVIEW,UNCERTAIN,NOT_REVIEWED,True,False,TREE_DETECTION_UNCERTAIN|QUALITY_SCORE_BELOW_THRESHOLD|INSUFFICIENT_INLIERS|INSUFFICIENT_ARC_COVERAGE|RADIUS_RANGE_UNSTABLE_ACROSS_HEIGHTS
TREE_0014,MANUAL_REVIEW,MANUAL_REVIEW,,-6.197509,,,,,0.002801,0.063319,0.962914,1.038514,300.0,0.000356,0.008047,3,27083,22692,91.46,MANUAL_REVIEW,UNCERTAIN,NOT_REVIEWED,True,False,TREE_DETECTION_UNCERTAIN
TREE_0015,MANUAL_REVIEW,MANUAL_REVIEW,,-6.625406,,,,,0.016218,0.050179,0.939514,1.06438,270.0,0.0,0.0,1,50576,11667,74.87,MANUAL_REVIEW,UNCERTAIN,NOT_REVIEWED,True,False,TREE_DETECTION_UNCERTAIN|INSUFFICIENT_VERTICAL_CONTINUITY|LOCAL_AXIS_UNCERTAINTY_TOO_HIGH|SECTION_RADIUS_EXCEEDS_AUTOMATIC_COHORT_GUARDRAIL
TREE_0016,MANUAL_REVIEW,MANUAL_REVIEW,,-6.536427,,,,,0.012376,0.050249,0.928275,1.077267,200.0,0.0,0.0,1,10846,3227,70.3,MANUAL_REVIEW,UNCERTAIN,NOT_REVIEWED,True,False,TREE_DETECTION_UNCERTAIN|INSUFFICIENT_VERTICAL_CONTINUITY|SECTION_RADIUS_EXCEEDS_AUTOMATIC_COHORT_GUARDRAIL
TREE_0017,ALTERNATIVE_POM,ALTERNATIVE_POM,2.0,-6.475331,16.96,,53.28,FULL_LAS_ROBUST_CIRCLE_PERPENDICULAR_TO_LOCAL_AXIS,0.004094,0.048281,0.984527,1.015716,340.0,0.000987,0.011634,3,3165,1497,91.8,HIGH,CONFIRMED,NOT_REVIEWED,True,False,FULL_SOURCE_LAS_PERPENDICULAR_REFIT|ROBUST_MULTI_HEIGHT_STABILITY_QA|STANDARD_HEIGHT_UNRELIABLE_CLEANER_SECTION_SELECTED_ABOVE|POM_NOT_TIED_TO_PROP_ROOT_PLUS_030|STANDARD_REJECTED_NO_PLAUSIBLE_PERPENDICULAR_FIT
TREE_0018,ALTERNATIVE_POM,ALTERNATIVE_POM,3.1,-6.553288,18.63,,58.52,FULL_LAS_ROBUST_CIRCLE_PERPENDICULAR_TO_LOCAL_AXIS,0.004069,0.043692,0.979794,1.020623,310.0,0.001391,0.014935,3,1259,453,91.36,HIGH,CONFIRMED,NOT_REVIEWED,True,False,FULL_SOURCE_LAS_PERPENDICULAR_REFIT|ROBUST_MULTI_HEIGHT_STABILITY_QA|STANDARD_HEIGHT_UNRELIABLE_CLEANER_SECTION_SELECTED_ABOVE|POM_NOT_TIED_TO_PROP_ROOT_PLUS_030|STANDARD_REJECTED_NO_PLAUSIBLE_PERPENDICULAR_FIT
TREE_0019,MANUAL_REVIEW,MANUAL_REVIEW,,-6.67236,,,,,0.012542,0.050191,0.990927,1.009156,350.0,0.0,0.0,1,49260,9530,78.81,MANUAL_REVIEW,UNCERTAIN,NOT_REVIEWED,True,False,TREE_DETECTION_UNCERTAIN|INSUFFICIENT_VERTICAL_CONTINUITY|LOCAL_AXIS_UNCERTAINTY_TOO_HIGH|SECTION_RADIUS_EXCEEDS_AUTOMATIC_COHORT_GUARDRAIL
TREE_0020,MANUAL_REVIEW,MANUAL_REVIEW,,-6.744551,,,,,0.003257,0.047991,0.915739,1.092014,220.0,0.0,0.0,1,2567,371,72.43,MANUAL_REVIEW,PROBABLE,NOT_REVIEWED,True,False,INSUFFICIENT_VERTICAL_CONTINUITY|LOCAL_AXIS_UNCERTAINTY_TOO_HIGH
TREE_0021,MANUAL_REVIEW,MANUAL_REVIEW,,-6.743506,,,,,0.008688,0.042254,0.930213,1.075023,290.0,0.0,0.0,1,8390,2885,84.76,MANUAL_REVIEW,UNCERTAIN,NOT_REVIEWED,True,False,TREE_DETECTION_UNCERTAIN|INSUFFICIENT_VERTICAL_CONTINUITY|SECTION_RADIUS_EXCEEDS_AUTOMATIC_COHORT_GUARDRAIL
TREE_0022,ALTERNATIVE_POM,ALTERNATIVE_POM,1.8,-6.760318,7.06,,22.17,FULL_LAS_ROBUST_CIRCLE_PERPENDICULAR_TO_LOCAL_AXIS,0.003096,0.087746,0.958462,1.043338,350.0,0.00206,0.058381,3,7010,2407,83.3,HIGH,PROBABLE,NOT_REVIEWED,True,False,FULL_SOURCE_LAS_PERPENDICULAR_REFIT|ROBUST_MULTI_HEIGHT_STABILITY_QA|STANDARD_HEIGHT_UNRELIABLE_CLEANER_SECTION_SELECTED_ABOVE|POM_NOT_TIED_TO_PROP_ROOT_PLUS_030|STANDARD_REJECTED_INSUFFICIENT_VERTICAL_CONTINUITY
TREE_0023,STANDARD_DBH,STANDARD_DBH,1.3,-6.760813,6.64,6.64,20.86,FULL_LAS_ROBUST_CIRCLE_PERPENDICULAR_TO_LOCAL_AXIS,0.003301,0.099421,0.937504,1.066662,360.0,5.6e-05,0.001684,3,9369,2502,80.41,MEDIUM,PROBABLE,NOT_REVIEWED,True,False,FULL_SOURCE_LAS_PERPENDICULAR_REFIT|ROBUST_MULTI_HEIGHT_STABILITY_QA|STANDARD_HEIGHT_RELIABLE|POM_NOT_TIED_TO_PROP_ROOT_PLUS_030
TREE_0024,MANUAL_REVIEW,MANUAL_REVIEW,,-6.744945,,,,,0.009732,0.044724,0.77361,1.29264,180.0,0.008896,0.040884,3,7002,2883,75.76,MANUAL_REVIEW,PROBABLE,NOT_REVIEWED,True,False,OPERATIONALLY_EXCLUDED_TREE_ID|SECTION_RADIUS_EXCEEDS_AUTOMATIC_COHORT_GUARDRAIL
TREE_0025,MANUAL_REVIEW,MANUAL_REVIEW,,-6.657116,,,,,0.015679,0.049039,0.978732,1.02173,350.0,0.014109,0.044128,2,1862,384,80.82,MANUAL_REVIEW,UNCERTAIN,NOT_REVIEWED,True,False,TREE_DETECTION_UNCERTAIN|INSUFFICIENT_VERTICAL_CONTINUITY|LOCAL_AXIS_UNCERTAINTY_TOO_HIGH|SECTION_RADIUS_EXCEEDS_AUTOMATIC_COHORT_GUARDRAIL
TREE_0026,ALTERNATIVE_POM,ALTERNATIVE_POM,1.9,-6.549453,13.3,,41.78,FULL_LAS_ROBUST_CIRCLE_PERPENDICULAR_TO_LOCAL_AXIS,0.003035,0.045643,0.954524,1.047643,340.0,0.001546,0.023253,3,1875,599,92.63,HIGH,CONFIRMED,NOT_REVIEWED,True,False,FULL_SOURCE_LAS_PERPENDICULAR_REFIT|ROBUST_MULTI_HEIGHT_STABILITY_QA|STANDARD_HEIGHT_UNRELIABLE_CLEANER_SECTION_SELECTED_ABOVE|POM_NOT_TIED_TO_PROP_ROOT_PLUS_030|STANDARD_REJECTED_NO_PLAUSIBLE_PERPENDICULAR_FIT
TREE_0027,MANUAL_REVIEW,MANUAL_REVIEW,,-6.596765,,,,,0.004767,0.043161,0.959265,1.042465,350.0,0.006926,0.062705,3,3703,1087,89.78,MANUAL_REVIEW,UNCERTAIN,NOT_REVIEWED,True,False,TREE_DETECTION_UNCERTAIN
TREE_0028,ALTERNATIVE_POM,ALTERNATIVE_POM,2.3,-6.751167,9.55,,30.0,FULL_LAS_ROBUST_CIRCLE_PERPENDICULAR_TO_LOCAL_AXIS,0.002896,0.060637,0.908254,1.101014,250.0,0.001432,0.029998,3,1547,849,84.73,HIGH,PROBABLE,NOT_REVIEWED,True,False,FULL_SOURCE_LAS_PERPENDICULAR_REFIT|ROBUST_MULTI_HEIGHT_STABILITY_QA|STANDARD_HEIGHT_UNRELIABLE_CLEANER_SECTION_SELECTED_ABOVE|POM_NOT_TIED_TO_PROP_ROOT_PLUS_030|STANDARD_REJECTED_QUALITY_SCORE_BELOW_THRESHOLD|STANDARD_REJECTED_INSUFFICIENT_ARC_COVERAGE
TREE_0029,MANUAL_REVIEW,MANUAL_REVIEW,,-6.619756,,,,,0.00338,0.046139,0.968235,1.032807,340.0,0.000892,0.012173,3,2138,786,93.9,MANUAL_REVIEW,UNCERTAIN,NOT_REVIEWED,True,False,TREE_DETECTION_UNCERTAIN
TREE_0030,ALTERNATIVE_POM,ALTERNATIVE_POM,1.9,-6.528904,16.87,,52.99,FULL_LAS_ROBUST_CIRCLE_PERPENDICULAR_TO_LOCAL_AXIS,0.003858,0.045745,0.966067,1.035125,360.0,0.001309,0.015525,3,3001,1078,91.42,HIGH,PROBABLE,NOT_REVIEWED,True,False,FULL_SOURCE_LAS_PERPENDICULAR_REFIT|ROBUST_MULTI_HEIGHT_STABILITY_QA|STANDARD_HEIGHT_UNRELIABLE_CLEANER_SECTION_SELECTED_ABOVE|POM_NOT_TIED_TO_PROP_ROOT_PLUS_030|STANDARD_REJECTED_NO_PLAUSIBLE_PERPENDICULAR_FIT
TREE_0031,ALTERNATIVE_POM,ALTERNATIVE_POM,2.2,-6.722027,8.19,,25.73,FULL_LAS_ROBUST_CIRCLE_PERPENDICULAR_TO_LOCAL_AXIS,0.002983,0.072847,0.965511,1.035721,310.0,0.000382,0.009336,3,3068,963,88.94,HIGH,PROBABLE,NOT_REVIEWED,True,False,FULL_SOURCE_LAS_PERPENDICULAR_REFIT|ROBUST_MULTI_HEIGHT_STABILITY_QA|STANDARD_HEIGHT_UNRELIABLE_CLEANER_SECTION_SELECTED_ABOVE|POM_NOT_TIED_TO_PROP_ROOT_PLUS_030|STANDARD_REJECTED_QUALITY_SCORE_BELOW_THRESHOLD|STANDARD_REJECTED_INSUFFICIENT_ARC_COVERAGE|STANDARD_REJECTED_ELLIPSE_TOO_NONCIRCULAR|STANDARD_REJECTED_RADIUS_UNSTABLE_ACROSS_HEIGHTS|STANDARD_REJECTED_RADIUS_RANGE_UNSTABLE_ACROSS_HEIGHTS|STANDARD_REJECTED_INSUFFICIENT_VERTICAL_CONTINUITY|STANDARD_REJECTED_CLEANER_SMALLER_UPPER_SECTION_AVAILABLE
TREE_0032,ALTERNATIVE_POM,ALTERNATIVE_POM,2.3,-6.746324,4.5,,14.15,FULL_LAS_ROBUST_CIRCLE_PERPENDICULAR_TO_LOCAL_AXIS,0.003329,0.147855,0.790611,1.264844,280.0,0.000214,0.0095,3,830,575,78.99,MEDIUM,PROBABLE,NOT_REVIEWED,True,False,FULL_SOURCE_LAS_PERPENDICULAR_REFIT|ROBUST_MULTI_HEIGHT_STABILITY_QA|STANDARD_HEIGHT_UNRELIABLE_CLEANER_SECTION_SELECTED_ABOVE|POM_NOT_TIED_TO_PROP_ROOT_PLUS_030|STANDARD_REJECTED_INSUFFICIENT_VERTICAL_CONTINUITY|STANDARD_REJECTED_LOCAL_AXIS_UNCERTAINTY_TOO_HIGH
TREE_0033,ALTERNATIVE_POM,ALTERNATIVE_POM,2.5,-6.670563,15.33,,48.15,FULL_LAS_ROBUST_CIRCLE_PERPENDICULAR_TO_LOCAL_AXIS,0.003724,0.048595,0.918263,1.089012,360.0,0.003745,0.048874,3,1347,693,89.92,HIGH,PROBABLE,NOT_REVIEWED,True,False,FULL_SOURCE_LAS_PERPENDICULAR_REFIT|ROBUST_MULTI_HEIGHT_STABILITY_QA|STANDARD_HEIGHT_UNRELIABLE_CLEANER_SECTION_SELECTED_ABOVE|POM_NOT_TIED_TO_PROP_ROOT_PLUS_030|STANDARD_REJECTED_NO_PLAUSIBLE_PERPENDICULAR_FIT
TREE_0034,MANUAL_REVIEW,MANUAL_REVIEW,,-6.730333,,,,,0.014714,0.036675,0.992756,1.007297,220.0,0.041398,0.103182,3,2516,594,77.82,MANUAL_REVIEW,UNCERTAIN,NOT_REVIEWED,True,False,TREE_DETECTION_UNCERTAIN|SECTION_RADIUS_EXCEEDS_AUTOMATIC_COHORT_GUARDRAIL|LARGE_SECTION_REQUIRES_STRONGER_ARC_COVERAGE
TREE_0035,ALTERNATIVE_POM,ALTERNATIVE_POM,1.7,-6.728511,16.99,,53.39,FULL_LAS_ROBUST_CIRCLE_PERPENDICULAR_TO_LOCAL_AXIS,0.00346,0.040724,0.903235,1.107131,220.0,0.001672,0.01968,3,959,803,86.27,HIGH,CONFIRMED,NOT_REVIEWED,True,False,FULL_SOURCE_LAS_PERPENDICULAR_REFIT|ROBUST_MULTI_HEIGHT_STABILITY_QA|STANDARD_HEIGHT_UNRELIABLE_CLEANER_SECTION_SELECTED_ABOVE|POM_NOT_TIED_TO_PROP_ROOT_PLUS_030|STANDARD_REJECTED_INSUFFICIENT_ARC_COVERAGE
TREE_0036,MANUAL_REVIEW,MANUAL_REVIEW,,-6.676432,,,,,0.015851,0.041262,0.998189,1.001814,300.0,0.03471,0.090353,2,2446,476,81.99,MANUAL_REVIEW,UNCERTAIN,NOT_REVIEWED,True,False,TREE_DETECTION_UNCERTAIN|INSUFFICIENT_VERTICAL_CONTINUITY|LOCAL_AXIS_UNCERTAINTY_TOO_HIGH|SECTION_RADIUS_EXCEEDS_AUTOMATIC_COHORT_GUARDRAIL
TREE_0037,STANDARD_DBH,STANDARD_DBH,1.3,-6.743952,7.02,7.02,22.05,FULL_LAS_ROBUST_CIRCLE_PERPENDICULAR_TO_LOCAL_AXIS,0.00272,0.077504,0.943912,1.059421,340.0,0.000502,0.014304,3,3481,2856,90.85,HIGH,PROBABLE,NOT_REVIEWED,True,False,FULL_SOURCE_LAS_PERPENDICULAR_REFIT|ROBUST_MULTI_HEIGHT_STABILITY_QA|STANDARD_HEIGHT_RELIABLE|POM_NOT_TIED_TO_PROP_ROOT_PLUS_030
TREE_0038,MANUAL_REVIEW,MANUAL_REVIEW,,-6.67617,,,,,0.01517,0.040566,0.995613,1.004406,350.0,0.032885,0.08794,2,2979,523,83.41,MANUAL_REVIEW,UNCERTAIN,NOT_REVIEWED,True,False,TREE_DETECTION_UNCERTAIN|INSUFFICIENT_VERTICAL_CONTINUITY|LOCAL_AXIS_UNCERTAINTY_TOO_HIGH|SECTION_RADIUS_EXCEEDS_AUTOMATIC_COHORT_GUARDRAIL
TREE_0039,STANDARD_DBH,STANDARD_DBH,1.3,-6.733346,9.85,9.85,30.95,FULL_LAS_ROBUST_CIRCLE_PERPENDICULAR_TO_LOCAL_AXIS,0.003032,0.061556,0.966444,1.034721,270.0,0.001257,0.025521,3,1599,848,86.99,HIGH,PROBABLE,NOT_REVIEWED,True,False,FULL_SOURCE_LAS_PERPENDICULAR_REFIT|ROBUST_MULTI_HEIGHT_STABILITY_QA|STANDARD_HEIGHT_RELIABLE|POM_NOT_TIED_TO_PROP_ROOT_PLUS_030
TREE_0040,ALTERNATIVE_POM,ALTERNATIVE_POM,1.9,-6.744074,4.94,,15.53,FULL_LAS_ROBUST_CIRCLE_PERPENDICULAR_TO_LOCAL_AXIS,0.002586,0.104643,0.943126,1.060303,350.0,0.001232,0.049842,3,5100,1267,85.45,HIGH,PROBABLE,NOT_REVIEWED,True,False,FULL_SOURCE_LAS_PERPENDICULAR_REFIT|ROBUST_MULTI_HEIGHT_STABILITY_QA|STANDARD_HEIGHT_UNRELIABLE_CLEANER_SECTION_SELECTED_ABOVE|POM_NOT_TIED_TO_PROP_ROOT_PLUS_030|STANDARD_REJECTED_INSUFFICIENT_VERTICAL_CONTINUITY|STANDARD_REJECTED_LOCAL_AXIS_UNCERTAINTY_TOO_HIGH|STANDARD_REJECTED_CLEANER_SMALLER_UPPER_SECTION_AVAILABLE
TREE_0041,STANDARD_DBH,STANDARD_DBH,1.3,-6.756663,6.75,6.75,21.21,FULL_LAS_ROBUST_CIRCLE_PERPENDICULAR_TO_LOCAL_AXIS,0.002976,0.088161,0.981691,1.01865,360.0,0.000895,0.02652,3,3322,2302,87.19,HIGH,PROBABLE,NOT_REVIEWED,True,False,FULL_SOURCE_LAS_PERPENDICULAR_REFIT|ROBUST_MULTI_HEIGHT_STABILITY_QA|STANDARD_HEIGHT_RELIABLE|POM_NOT_TIED_TO_PROP_ROOT_PLUS_030
TREE_0042,MANUAL_REVIEW,MANUAL_REVIEW,,-6.736234,,,,,0.003266,0.081104,0.941222,1.062449,270.0,0.000209,0.005187,3,790,194,87.52,MANUAL_REVIEW,UNCERTAIN,NOT_REVIEWED,True,False,TREE_DETECTION_UNCERTAIN
TREE_0043,ALTERNATIVE_POM,ALTERNATIVE_POM,3.9,-6.727945,11.48,,36.06,FULL_LAS_ROBUST_CIRCLE_PERPENDICULAR_TO_LOCAL_AXIS,0.002934,0.05112,0.957481,1.044407,250.0,0.003284,0.057227,3,530,162,84.34,HIGH,PROBABLE,NOT_REVIEWED,True,False,FULL_SOURCE_LAS_PERPENDICULAR_REFIT|ROBUST_MULTI_HEIGHT_STABILITY_QA|STANDARD_HEIGHT_UNRELIABLE_CLEANER_SECTION_SELECTED_ABOVE|POM_NOT_TIED_TO_PROP_ROOT_PLUS_030|STANDARD_REJECTED_NO_PLAUSIBLE_PERPENDICULAR_FIT
TREE_0044,STANDARD_DBH,STANDARD_DBH,1.3,-6.740924,11.25,11.25,35.36,FULL_LAS_ROBUST_CIRCLE_PERPENDICULAR_TO_LOCAL_AXIS,0.002967,0.052734,0.881986,1.133804,320.0,0.001976,0.035124,3,5701,4363,90.68,HIGH,PROBABLE,NOT_REVIEWED,True,False,FULL_SOURCE_LAS_PERPENDICULAR_REFIT|ROBUST_MULTI_HEIGHT_STABILITY_QA|STANDARD_HEIGHT_RELIABLE|POM_NOT_TIED_TO_PROP_ROOT_PLUS_030
TREE_0045,MANUAL_REVIEW,MANUAL_REVIEW,,-6.731767,,,,,0.00627,0.04444,0.946119,1.056949,270.0,0.009515,0.067439,2,5881,1836,79.87,MANUAL_REVIEW,UNCERTAIN,NOT_REVIEWED,True,False,TREE_DETECTION_UNCERTAIN|INSUFFICIENT_VERTICAL_CONTINUITY
TREE_0046,STANDARD_DBH,STANDARD_DBH,1.3,-6.769043,8.36,8.36,26.28,FULL_LAS_ROBUST_CIRCLE_PERPENDICULAR_TO_LOCAL_AXIS,0.003097,0.074061,0.930656,1.074511,350.0,0.000914,0.021864,3,8722,2194,85.99,HIGH,PROBABLE,NOT_REVIEWED,True,False,FULL_SOURCE_LAS_PERPENDICULAR_REFIT|ROBUST_MULTI_HEIGHT_STABILITY_QA|STANDARD_HEIGHT_RELIABLE|POM_NOT_TIED_TO_PROP_ROOT_PLUS_030
TREE_0047,MANUAL_REVIEW,MANUAL_REVIEW,,-6.663352,,,,,0.007835,0.045731,0.9353,1.069176,210.0,0.0,0.0,1,3150,1518,69.75,MANUAL_REVIEW,UNCERTAIN,NOT_REVIEWED,True,False,TREE_DETECTION_UNCERTAIN|INSUFFICIENT_VERTICAL_CONTINUITY|LOCAL_AXIS_UNCERTAINTY_TOO_HIGH
TREE_0048,ALTERNATIVE_POM,ALTERNATIVE_POM,3.1,-6.577241,16.0,,50.25,FULL_LAS_ROBUST_CIRCLE_PERPENDICULAR_TO_LOCAL_AXIS,0.003794,0.047432,0.966031,1.035164,340.0,0.000574,0.007172,3,1638,388,89.41,HIGH,CONFIRMED,NOT_REVIEWED,True,False,FULL_SOURCE_LAS_PERPENDICULAR_REFIT|ROBUST_MULTI_HEIGHT_STABILITY_QA|STANDARD_HEIGHT_UNRELIABLE_CLEANER_SECTION_SELECTED_ABOVE|POM_NOT_TIED_TO_PROP_ROOT_PLUS_030|STANDARD_REJECTED_NO_PLAUSIBLE_PERPENDICULAR_FIT
TREE_0049,ALTERNATIVE_POM,ALTERNATIVE_POM,1.6,-6.763173,4.04,,12.71,FULL_LAS_ROBUST_CIRCLE_PERPENDICULAR_TO_LOCAL_AXIS,0.00307,0.151796,0.885626,1.129145,350.0,0.000104,0.005167,3,1490,916,81.9,MEDIUM,PROBABLE,NOT_REVIEWED,True,False,FULL_SOURCE_LAS_PERPENDICULAR_REFIT|ROBUST_MULTI_HEIGHT_STABILITY_QA|STANDARD_HEIGHT_UNRELIABLE_CLEANER_SECTION_SELECTED_ABOVE|POM_NOT_TIED_TO_PROP_ROOT_PLUS_030|STANDARD_REJECTED_NO_PLAUSIBLE_PERPENDICULAR_FIT
TREE_0050,STANDARD_DBH,STANDARD_DBH,1.3,-6.732584,5.84,5.84,18.33,FULL_LAS_ROBUST_CIRCLE_PERPENDICULAR_TO_LOCAL_AXIS,0.003113,0.106681,0.897314,1.114437,330.0,0.001377,0.047202,3,1118,832,85.4,HIGH,CONFIRMED,NOT_REVIEWED,True,False,FULL_SOURCE_LAS_PERPENDICULAR_REFIT|ROBUST_MULTI_HEIGHT_STABILITY_QA|STANDARD_HEIGHT_RELIABLE|POM_NOT_TIED_TO_PROP_ROOT_PLUS_030
TREE_0051,ALTERNATIVE_POM,ALTERNATIVE_POM,2.5,-6.161724,19.31,,60.66,FULL_LAS_ROBUST_CIRCLE_PERPENDICULAR_TO_LOCAL_AXIS,0.004334,0.044887,0.958844,1.042922,360.0,0.001162,0.012036,3,2712,858,92.4,HIGH,PROBABLE,NOT_REVIEWED,True,False,FULL_SOURCE_LAS_PERPENDICULAR_REFIT|ROBUST_MULTI_HEIGHT_STABILITY_QA|STANDARD_HEIGHT_UNRELIABLE_CLEANER_SECTION_SELECTED_ABOVE|POM_NOT_TIED_TO_PROP_ROOT_PLUS_030|STANDARD_REJECTED_FIT_CENTER_INCONSISTENT_WITH_LOCAL_AXIS|STANDARD_REJECTED_SECTION_RADIUS_EXCEEDS_AUTOMATIC_COHORT_GUARDRAIL|STANDARD_REJECTED_CLEANER_SMALLER_UPPER_SECTION_AVAILABLE
TREE_0052,ALTERNATIVE_POM,ALTERNATIVE_POM,3.4,-6.725818,4.72,,14.83,FULL_LAS_ROBUST_CIRCLE_PERPENDICULAR_TO_LOCAL_AXIS,0.002987,0.126564,0.955539,1.04653,300.0,0.000234,0.009911,3,621,230,84.77,HIGH,PROBABLE,NOT_REVIEWED,True,False,FULL_SOURCE_LAS_PERPENDICULAR_REFIT|ROBUST_MULTI_HEIGHT_STABILITY_QA|STANDARD_HEIGHT_UNRELIABLE_CLEANER_SECTION_SELECTED_ABOVE|POM_NOT_TIED_TO_PROP_ROOT_PLUS_030|STANDARD_REJECTED_NO_PLAUSIBLE_PERPENDICULAR_FIT
TREE_0053,MANUAL_REVIEW,MANUAL_REVIEW,,-6.773214,,,,,0.003121,0.148859,0.948006,1.054845,350.0,9.5e-05,0.004554,2,949,241,69.42,MANUAL_REVIEW,PROBABLE,NOT_REVIEWED,True,False,INSUFFICIENT_VERTICAL_CONTINUITY
TREE_0054,ALTERNATIVE_POM,ALTERNATIVE_POM,2.6,-6.72838,7.98,,25.08,FULL_LAS_ROBUST_CIRCLE_PERPENDICULAR_TO_LOCAL_AXIS,0.003206,0.080316,0.943442,1.059949,310.0,0.001704,0.042697,3,1847,438,77.29,MEDIUM,PROBABLE,NOT_REVIEWED,True,False,FULL_SOURCE_LAS_PERPENDICULAR_REFIT|ROBUST_MULTI_HEIGHT_STABILITY_QA|STANDARD_HEIGHT_UNRELIABLE_CLEANER_SECTION_SELECTED_ABOVE|POM_NOT_TIED_TO_PROP_ROOT_PLUS_030|STANDARD_REJECTED_INSUFFICIENT_VERTICAL_CONTINUITY|STANDARD_REJECTED_LOCAL_AXIS_UNCERTAINTY_TOO_HIGH
TREE_0055,STANDARD_DBH,STANDARD_DBH,1.3,-6.690458,9.53,9.53,29.94,FULL_LAS_ROBUST_CIRCLE_PERPENDICULAR_TO_LOCAL_AXIS,0.00309,0.064836,0.90376,1.106488,250.0,0.001345,0.028224,3,403,209,84.6,HIGH,PROBABLE,NOT_REVIEWED,True,False,FULL_SOURCE_LAS_PERPENDICULAR_REFIT|ROBUST_MULTI_HEIGHT_STABILITY_QA|STANDARD_HEIGHT_RELIABLE|POM_NOT_TIED_TO_PROP_ROOT_PLUS_030
TREE_0056,MANUAL_REVIEW,MANUAL_REVIEW,,-6.746587,,,,,0.008582,0.042964,0.953945,1.048278,210.0,0.002591,0.012968,3,8762,6462,84.22,MANUAL_REVIEW,UNCERTAIN,NOT_REVIEWED,True,False,OPERATIONALLY_EXCLUDED_TREE_ID|TREE_DETECTION_UNCERTAIN|SECTION_RADIUS_EXCEEDS_AUTOMATIC_COHORT_GUARDRAIL
TREE_0057,MANUAL_REVIEW,MANUAL_REVIEW,,-6.648073,,,,,0.009193,0.048003,0.927024,1.078721,240.0,0.0,0.0,1,2811,751,71.94,MANUAL_REVIEW,PROBABLE,NOT_REVIEWED,True,False,INSUFFICIENT_VERTICAL_CONTINUITY|LOCAL_AXIS_UNCERTAINTY_TOO_HIGH|SECTION_RADIUS_EXCEEDS_AUTOMATIC_COHORT_GUARDRAIL
TREE_0058,MANUAL_REVIEW,MANUAL_REVIEW,,-6.705839,,,,,0.012842,0.051502,0.991884,1.008182,360.0,0.0,0.0,1,15529,2500,80.92,MANUAL_REVIEW,UNCERTAIN,NOT_REVIEWED,True,False,TREE_DETECTION_UNCERTAIN|INSUFFICIENT_VERTICAL_CONTINUITY|SECTION_RADIUS_EXCEEDS_AUTOMATIC_COHORT_GUARDRAIL
TREE_0059,MANUAL_REVIEW,MANUAL_REVIEW,,-6.632532,,,,,0.009552,0.045064,0.897902,1.113707,190.0,0.004571,0.021563,2,849,168,72.08,MANUAL_REVIEW,CONFIRMED,NOT_REVIEWED,True,False,INSUFFICIENT_VERTICAL_CONTINUITY|LOCAL_AXIS_UNCERTAINTY_TOO_HIGH|SECTION_RADIUS_EXCEEDS_AUTOMATIC_COHORT_GUARDRAIL
TREE_0060,MANUAL_REVIEW,MANUAL_REVIEW,,-6.638556,,,,,0.015723,0.046165,0.962955,1.038471,330.0,0.0,0.0,1,8269,2359,73.58,MANUAL_REVIEW,UNCERTAIN,NOT_REVIEWED,True,False,TREE_DETECTION_UNCERTAIN|INSUFFICIENT_VERTICAL_CONTINUITY|LOCAL_AXIS_UNCERTAINTY_TOO_HIGH|SECTION_RADIUS_EXCEEDS_AUTOMATIC_COHORT_GUARDRAIL
TREE_0061,MANUAL_REVIEW,MANUAL_REVIEW,,-6.707511,,,,,0.003034,0.075954,0.901534,1.10922,330.0,0.000249,0.006239,3,5776,3616,91.12,MANUAL_REVIEW,UNCERTAIN,NOT_REVIEWED,True,False,TREE_DETECTION_UNCERTAIN
TREE_0062,ALTERNATIVE_POM,ALTERNATIVE_POM,1.9,-6.67023,4.02,,12.64,FULL_LAS_ROBUST_CIRCLE_PERPENDICULAR_TO_LOCAL_AXIS,0.002702,0.134329,0.700104,1.428359,220.0,0.000249,0.012383,3,1214,566,71.09,MEDIUM,CONFIRMED,NOT_REVIEWED,True,False,FULL_SOURCE_LAS_PERPENDICULAR_REFIT|ROBUST_MULTI_HEIGHT_STABILITY_QA|STANDARD_HEIGHT_UNRELIABLE_CLEANER_SECTION_SELECTED_ABOVE|POM_NOT_TIED_TO_PROP_ROOT_PLUS_030|STANDARD_REJECTED_QUALITY_SCORE_BELOW_THRESHOLD|STANDARD_REJECTED_INSUFFICIENT_ARC_COVERAGE|STANDARD_REJECTED_ELLIPSE_TOO_NONCIRCULAR|STANDARD_REJECTED_RADIUS_UNSTABLE_ACROSS_HEIGHTS|STANDARD_REJECTED_RADIUS_RANGE_UNSTABLE_ACROSS_HEIGHTS
TREE_0063,MANUAL_REVIEW,MANUAL_REVIEW,,-6.700727,,,,,0.004807,0.048632,0.97179,1.029028,240.0,0.0,0.0,1,3120,482,74.22,MANUAL_REVIEW,PROBABLE,NOT_REVIEWED,True,False,INSUFFICIENT_VERTICAL_CONTINUITY
TREE_0064,MANUAL_REVIEW,MANUAL_REVIEW,,-6.532024,,,,,0.0037,0.045969,0.973042,1.027705,360.0,0.002425,0.030127,3,3770,1458,91.16,MANUAL_REVIEW,UNCERTAIN,NOT_REVIEWED,True,False,TREE_DETECTION_UNCERTAIN
TREE_0065,MANUAL_REVIEW,MANUAL_REVIEW,,-6.72231,,,,,0.002862,0.070366,0.943283,1.060127,340.0,0.000111,0.002726,3,3324,1370,91.63,MANUAL_REVIEW,UNCERTAIN,NOT_REVIEWED,True,False,TREE_DETECTION_UNCERTAIN
TREE_0066,ALTERNATIVE_POM,ALTERNATIVE_POM,2.9,-6.544149,15.69,,49.29,FULL_LAS_ROBUST_CIRCLE_PERPENDICULAR_TO_LOCAL_AXIS,0.003838,0.048922,0.976353,1.02422,360.0,0.000844,0.010756,3,1832,457,90.93,HIGH,PROBABLE,NOT_REVIEWED,True,False,FULL_SOURCE_LAS_PERPENDICULAR_REFIT|ROBUST_MULTI_HEIGHT_STABILITY_QA|STANDARD_HEIGHT_UNRELIABLE_CLEANER_SECTION_SELECTED_ABOVE|POM_NOT_TIED_TO_PROP_ROOT_PLUS_030|STANDARD_REJECTED_INSUFFICIENT_VERTICAL_CONTINUITY|STANDARD_REJECTED_LOCAL_AXIS_UNCERTAINTY_TOO_HIGH|STANDARD_REJECTED_SECTION_RADIUS_EXCEEDS_AUTOMATIC_COHORT_GUARDRAIL|STANDARD_REJECTED_CLEANER_SMALLER_UPPER_SECTION_AVAILABLE|STANDARD_REJECTED_LARGE_SECTION_REQUIRES_STRONGER_ARC_COVERAGE
TREE_0067,MANUAL_REVIEW,MANUAL_REVIEW,,-6.648799,,,,,0.012295,0.049959,0.970269,1.030642,320.0,0.0,0.0,1,9022,2003,81.7,MANUAL_REVIEW,UNCERTAIN,NOT_REVIEWED,True,False,TREE_DETECTION_UNCERTAIN|INSUFFICIENT_VERTICAL_CONTINUITY|LOCAL_AXIS_UNCERTAINTY_TOO_HIGH|SECTION_RADIUS_EXCEEDS_AUTOMATIC_COHORT_GUARDRAIL
TREE_0068,ALTERNATIVE_POM,ALTERNATIVE_POM,1.6,-6.708389,8.44,,26.51,FULL_LAS_ROBUST_CIRCLE_PERPENDICULAR_TO_LOCAL_AXIS,0.003248,0.076988,0.987585,1.012571,360.0,0.000661,0.015675,3,8663,3249,89.24,HIGH,PROBABLE,NOT_REVIEWED,True,False,FULL_SOURCE_LAS_PERPENDICULAR_REFIT|ROBUST_MULTI_HEIGHT_STABILITY_QA|STANDARD_HEIGHT_UNRELIABLE_CLEANER_SECTION_SELECTED_ABOVE|POM_NOT_TIED_TO_PROP_ROOT_PLUS_030|STANDARD_REJECTED_RADIUS_RANGE_UNSTABLE_ACROSS_HEIGHTS
TREE_0069,MANUAL_REVIEW,MANUAL_REVIEW,,-6.726247,,,,,0.002994,0.070351,0.960222,1.041426,350.0,0.000101,0.002376,3,5015,2485,91.0,MANUAL_REVIEW,UNCERTAIN,NOT_REVIEWED,True,False,TREE_DETECTION_UNCERTAIN
TREE_0070,ALTERNATIVE_POM,ALTERNATIVE_POM,2.2,-6.439491,21.21,,66.63,FULL_LAS_ROBUST_CIRCLE_PERPENDICULAR_TO_LOCAL_AXIS,0.005211,0.049143,0.924108,1.082125,360.0,0.000577,0.005445,3,5588,894,91.31,HIGH,PROBABLE,NOT_REVIEWED,True,False,FULL_SOURCE_LAS_PERPENDICULAR_REFIT|ROBUST_MULTI_HEIGHT_STABILITY_QA|STANDARD_HEIGHT_UNRELIABLE_CLEANER_SECTION_SELECTED_ABOVE|POM_NOT_TIED_TO_PROP_ROOT_PLUS_030|STANDARD_REJECTED_NO_PLAUSIBLE_PERPENDICULAR_FIT
TREE_0071,MANUAL_REVIEW,MANUAL_REVIEW,,-6.519449,,,,,0.003149,0.071008,0.964064,1.037276,330.0,0.00022,0.004969,3,530,148,91.55,MANUAL_REVIEW,UNCERTAIN,NOT_REVIEWED,True,False,TREE_DETECTION_UNCERTAIN
TREE_0072,MANUAL_REVIEW,MANUAL_REVIEW,,-6.715868,,,,,0.011377,0.042522,0.793132,1.260825,170.0,0.0,0.0,1,650,227,64.87,MANUAL_REVIEW,PROBABLE,NOT_REVIEWED,True,False,INSUFFICIENT_VERTICAL_CONTINUITY|LOCAL_AXIS_UNCERTAINTY_TOO_HIGH|SECTION_RADIUS_EXCEEDS_AUTOMATIC_COHORT_GUARDRAIL
TREE_0073,STANDARD_DBH,STANDARD_DBH,1.3,-6.726209,7.5,7.5,23.56,FULL_LAS_ROBUST_CIRCLE_PERPENDICULAR_TO_LOCAL_AXIS,0.002816,0.075106,0.858464,1.164871,300.0,0.000642,0.017117,3,3903,2406,88.76,HIGH,PROBABLE,NOT_REVIEWED,True,False,FULL_SOURCE_LAS_PERPENDICULAR_REFIT|ROBUST_MULTI_HEIGHT_STABILITY_QA|STANDARD_HEIGHT_RELIABLE|POM_NOT_TIED_TO_PROP_ROOT_PLUS_030
TREE_0074,STANDARD_DBH,STANDARD_DBH,1.3,-6.726224,7.37,7.37,23.15,FULL_LAS_ROBUST_CIRCLE_PERPENDICULAR_TO_LOCAL_AXIS,0.002789,0.0757,0.873348,1.145019,300.0,0.000511,0.013876,3,3889,2385,89.05,HIGH,CONFIRMED,NOT_REVIEWED,True,False,FULL_SOURCE_LAS_PERPENDICULAR_REFIT|ROBUST_MULTI_HEIGHT_STABILITY_QA|STANDARD_HEIGHT_RELIABLE|POM_NOT_TIED_TO_PROP_ROOT_PLUS_030
TREE_0075,STANDARD_DBH,STANDARD_DBH,1.3,-6.716443,8.45,8.45,26.53,FULL_LAS_ROBUST_CIRCLE_PERPENDICULAR_TO_LOCAL_AXIS,0.002676,0.063366,0.963968,1.037378,280.0,0.000533,0.012615,3,5139,3339,90.18,HIGH,CONFIRMED,NOT_REVIEWED,True,False,FULL_SOURCE_LAS_PERPENDICULAR_REFIT|ROBUST_MULTI_HEIGHT_STABILITY_QA|STANDARD_HEIGHT_RELIABLE|POM_NOT_TIED_TO_PROP_ROOT_PLUS_030
TREE_0076,STANDARD_DBH,STANDARD_DBH,1.3,-6.712479,8.07,8.07,25.34,FULL_LAS_ROBUST_CIRCLE_PERPENDICULAR_TO_LOCAL_AXIS,0.002809,0.069645,0.939961,1.063874,350.0,9.9e-05,0.002463,3,5324,2178,91.33,HIGH,CONFIRMED,NOT_REVIEWED,True,False,FULL_SOURCE_LAS_PERPENDICULAR_REFIT|ROBUST_MULTI_HEIGHT_STABILITY_QA|STANDARD_HEIGHT_RELIABLE|POM_NOT_TIED_TO_PROP_ROOT_PLUS_030
TREE_0077,ALTERNATIVE_POM,ALTERNATIVE_POM,2.8,-6.712341,6.26,,19.65,FULL_LAS_ROBUST_CIRCLE_PERPENDICULAR_TO_LOCAL_AXIS,0.003025,0.096693,0.988371,1.011766,310.0,0.000238,0.007614,3,1428,396,88.55,HIGH,PROBABLE,NOT_REVIEWED,True,False,FULL_SOURCE_LAS_PERPENDICULAR_REFIT|ROBUST_MULTI_HEIGHT_STABILITY_QA|STANDARD_HEIGHT_UNRELIABLE_CLEANER_SECTION_SELECTED_ABOVE|POM_NOT_TIED_TO_PROP_ROOT_PLUS_030|STANDARD_REJECTED_NO_PLAUSIBLE_PERPENDICULAR_FIT
TREE_0078,ALTERNATIVE_POM,ALTERNATIVE_POM,1.9,-6.71087,4.04,,12.69,FULL_LAS_ROBUST_CIRCLE_PERPENDICULAR_TO_LOCAL_AXIS,0.003043,0.150651,0.866276,1.154366,310.0,1e-05,0.000509,3,2930,468,81.8,MEDIUM,PROBABLE,NOT_REVIEWED,True,False,FULL_SOURCE_LAS_PERPENDICULAR_REFIT|ROBUST_MULTI_HEIGHT_STABILITY_QA|STANDARD_HEIGHT_UNRELIABLE_CLEANER_SECTION_SELECTED_ABOVE|POM_NOT_TIED_TO_PROP_ROOT_PLUS_030|STANDARD_REJECTED_QUALITY_SCORE_BELOW_THRESHOLD|STANDARD_REJECTED_INSUFFICIENT_ARC_COVERAGE|STANDARD_REJECTED_FIT_CENTER_INCONSISTENT_WITH_LOCAL_AXIS|STANDARD_REJECTED_INSUFFICIENT_VERTICAL_CONTINUITY|STANDARD_REJECTED_SECTION_RADIUS_EXCEEDS_AUTOMATIC_COHORT_GUARDRAIL|STANDARD_REJECTED_CLEANER_SMALLER_UPPER_SECTION_AVAILABLE
TREE_0079,MANUAL_REVIEW,MANUAL_REVIEW,,-6.702264,,,,,0.005542,0.041721,0.575107,1.738806,140.0,0.0,0.0,1,6659,1610,64.32,MANUAL_REVIEW,PROBABLE,NOT_REVIEWED,True,False,OPERATIONALLY_EXCLUDED_TREE_ID|INSUFFICIENT_ARC_COVERAGE|INSUFFICIENT_VERTICAL_CONTINUITY
TREE_0080,MANUAL_REVIEW,MANUAL_REVIEW,,-6.700116,,,,,0.003333,0.068447,0.892413,1.120558,310.0,0.0,0.0,1,4191,1052,84.34,MANUAL_REVIEW,UNCERTAIN,NOT_REVIEWED,True,False,TREE_DETECTION_UNCERTAIN|INSUFFICIENT_VERTICAL_CONTINUITY
TREE_0081,STANDARD_DBH,STANDARD_DBH,1.3,-6.713154,6.78,6.78,21.31,FULL_LAS_ROBUST_CIRCLE_PERPENDICULAR_TO_LOCAL_AXIS,0.002995,0.088319,0.950557,1.052015,300.0,0.00072,0.021216,3,2113,989,87.63,HIGH,CONFIRMED,NOT_REVIEWED,True,False,FULL_SOURCE_LAS_PERPENDICULAR_REFIT|ROBUST_MULTI_HEIGHT_STABILITY_QA|STANDARD_HEIGHT_RELIABLE|POM_NOT_TIED_TO_PROP_ROOT_PLUS_030
TREE_0082,ALTERNATIVE_POM,ALTERNATIVE_POM,1.6,-6.70712,7.33,,23.04,FULL_LAS_ROBUST_CIRCLE_PERPENDICULAR_TO_LOCAL_AXIS,0.002862,0.078064,0.97812,1.022369,340.0,0.001072,0.029234,3,7161,4471,86.38,HIGH,CONFIRMED,NOT_REVIEWED,True,False,FULL_SOURCE_LAS_PERPENDICULAR_REFIT|ROBUST_MULTI_HEIGHT_STABILITY_QA|STANDARD_HEIGHT_UNRELIABLE_CLEANER_SECTION_SELECTED_ABOVE|POM_NOT_TIED_TO_PROP_ROOT_PLUS_030|STANDARD_REJECTED_INSUFFICIENT_VERTICAL_CONTINUITY
TREE_0083,STANDARD_DBH,STANDARD_DBH,1.3,-6.712993,6.81,6.81,21.38,FULL_LAS_ROBUST_CIRCLE_PERPENDICULAR_TO_LOCAL_AXIS,0.003021,0.088777,0.943611,1.059759,300.0,0.000741,0.021785,3,2115,1009,87.83,HIGH,CONFIRMED,NOT_REVIEWED,True,False,FULL_SOURCE_LAS_PERPENDICULAR_REFIT|ROBUST_MULTI_HEIGHT_STABILITY_QA|STANDARD_HEIGHT_RELIABLE|POM_NOT_TIED_TO_PROP_ROOT_PLUS_030
TREE_0084,ALTERNATIVE_POM,ALTERNATIVE_POM,3.1,-6.707244,4.08,,12.8,FULL_LAS_ROBUST_CIRCLE_PERPENDICULAR_TO_LOCAL_AXIS,0.003308,0.162343,0.818149,1.222271,210.0,0.000332,0.016316,3,1178,158,70.72,MEDIUM,PROBABLE,NOT_REVIEWED,True,False,FULL_SOURCE_LAS_PERPENDICULAR_REFIT|ROBUST_MULTI_HEIGHT_STABILITY_QA|STANDARD_HEIGHT_UNRELIABLE_CLEANER_SECTION_SELECTED_ABOVE|POM_NOT_TIED_TO_PROP_ROOT_PLUS_030|STANDARD_REJECTED_NO_PLAUSIBLE_PERPENDICULAR_FIT
TREE_0085,MANUAL_REVIEW,MANUAL_REVIEW,,-6.489663,,,,,0.014993,0.040963,0.994266,1.005767,310.0,8.4e-05,0.000231,3,12582,3482,90.14,MANUAL_REVIEW,PROBABLE,NOT_REVIEWED,True,False,SECTION_RADIUS_EXCEEDS_AUTOMATIC_COHORT_GUARDRAIL|CLEANER_SMALLER_UPPER_SECTION_AVAILABLE
TREE_0086,MANUAL_REVIEW,MANUAL_REVIEW,,-6.694108,,,,,0.015856,0.037279,0.513797,1.946292,130.0,0.0,0.0,1,1565,643,64.89,MANUAL_REVIEW,UNCERTAIN,FALSE_POSITIVE,True,False,IDENTITY_REVIEW_FALSE_POSITIVE|TREE_DETECTION_UNCERTAIN|INSUFFICIENT_ARC_COVERAGE|ELLIPSE_TOO_NONCIRCULAR|INSUFFICIENT_VERTICAL_CONTINUITY|LOCAL_AXIS_UNCERTAINTY_TOO_HIGH|SECTION_RADIUS_EXCEEDS_AUTOMATIC_COHORT_GUARDRAIL|LARGE_SECTION_REQUIRES_STRONGER_ARC_COVERAGE|LARGE_SECTION_REQUIRES_STRONGER_CIRCULARITY
TREE_0087,MANUAL_REVIEW,MANUAL_REVIEW,,-6.688045,,,,,0.016065,0.034957,0.767838,1.302357,190.0,0.010741,0.023373,2,2949,1134,72.79,MANUAL_REVIEW,PROBABLE,FALSE_POSITIVE,True,False,IDENTITY_REVIEW_FALSE_POSITIVE|INSUFFICIENT_VERTICAL_CONTINUITY|LOCAL_AXIS_UNCERTAINTY_TOO_HIGH|SECTION_RADIUS_EXCEEDS_AUTOMATIC_COHORT_GUARDRAIL|LARGE_SECTION_REQUIRES_STRONGER_ARC_COVERAGE
TREE_0088,MANUAL_REVIEW,MANUAL_REVIEW,,-6.634461,,,,,0.01344,0.050781,0.984436,1.01581,300.0,0.003968,0.014993,2,2391,574,84.89,MANUAL_REVIEW,UNCERTAIN,FALSE_POSITIVE,True,False,OPERATIONALLY_EXCLUDED_TREE_ID|IDENTITY_REVIEW_FALSE_POSITIVE|TREE_DETECTION_UNCERTAIN|INSUFFICIENT_VERTICAL_CONTINUITY|SECTION_RADIUS_EXCEEDS_AUTOMATIC_COHORT_GUARDRAIL
TREE_0089,MANUAL_REVIEW,MANUAL_REVIEW,,-6.515022,,,,,0.016173,0.039634,0.988148,1.011994,320.0,0.016797,0.041163,3,11072,3822,85.41,MANUAL_REVIEW,UNCERTAIN,FALSE_POSITIVE,True,False,IDENTITY_REVIEW_FALSE_POSITIVE|TREE_DETECTION_UNCERTAIN|LOCAL_AXIS_UNCERTAINTY_TOO_HIGH|SECTION_RADIUS_EXCEEDS_AUTOMATIC_COHORT_GUARDRAIL
TREE_0090,MANUAL_REVIEW,MANUAL_REVIEW,,-6.505555,,,,,0.015523,0.040093,0.971847,1.028969,290.0,0.003276,0.008462,2,10669,3330,79.43,MANUAL_REVIEW,UNCERTAIN,NOT_REVIEWED,True,False,OPERATIONALLY_EXCLUDED_TREE_ID|TREE_DETECTION_UNCERTAIN|INSUFFICIENT_VERTICAL_CONTINUITY|LOCAL_AXIS_UNCERTAINTY_TOO_HIGH|SECTION_RADIUS_EXCEEDS_AUTOMATIC_COHORT_GUARDRAIL
TREE_0091,ALTERNATIVE_POM,ALTERNATIVE_POM,3.4,-6.70571,11.65,,36.59,FULL_LAS_ROBUST_CIRCLE_PERPENDICULAR_TO_LOCAL_AXIS,0.003144,0.053992,0.952689,1.04966,240.0,0.000847,0.014545,3,829,358,86.89,HIGH,PROBABLE,TRUE_POSITIVE,True,False,FULL_SOURCE_LAS_PERPENDICULAR_REFIT|ROBUST_MULTI_HEIGHT_STABILITY_QA|STANDARD_HEIGHT_UNRELIABLE_CLEANER_SECTION_SELECTED_ABOVE|POM_NOT_TIED_TO_PROP_ROOT_PLUS_030|STANDARD_REJECTED_INSUFFICIENT_VERTICAL_CONTINUITY
TREE_0092,MANUAL_REVIEW,MANUAL_REVIEW,,-6.679846,,,,,0.002969,0.146966,0.977068,1.02347,300.0,0.000255,0.012603,2,1717,535,78.44,MANUAL_REVIEW,PROBABLE,FALSE_POSITIVE,True,False,OPERATIONALLY_EXCLUDED_TREE_ID|IDENTITY_REVIEW_FALSE_POSITIVE|INSUFFICIENT_VERTICAL_CONTINUITY|LOCAL_AXIS_UNCERTAINTY_TOO_HIGH
TREE_0093,MANUAL_REVIEW,MANUAL_REVIEW,,-6.468414,,,,,0.003223,0.054169,0.992796,1.007256,360.0,0.001107,0.018609,3,1387,469,92.93,MANUAL_REVIEW,CONFIRMED,NOT_REVIEWED,True,False,OPERATIONALLY_EXCLUDED_TREE_ID
TREE_0094,ALTERNATIVE_POM,ALTERNATIVE_POM,1.5,-6.700473,5.03,,15.79,FULL_LAS_ROBUST_CIRCLE_PERPENDICULAR_TO_LOCAL_AXIS,0.003143,0.125015,0.930853,1.074284,260.0,0.000846,0.033645,3,2912,1903,80.63,MEDIUM,PROBABLE,TRUE_POSITIVE,True,False,FULL_SOURCE_LAS_PERPENDICULAR_REFIT|ROBUST_MULTI_HEIGHT_STABILITY_QA|STANDARD_HEIGHT_UNRELIABLE_CLEANER_SECTION_SELECTED_ABOVE|POM_NOT_TIED_TO_PROP_ROOT_PLUS_030|STANDARD_REJECTED_QUALITY_SCORE_BELOW_THRESHOLD|STANDARD_REJECTED_INSUFFICIENT_ARC_COVERAGE|STANDARD_REJECTED_ELLIPSE_TOO_NONCIRCULAR
TREE_0095,STANDARD_DBH,STANDARD_DBH,1.3,-6.560812,23.33,23.33,73.29,FULL_LAS_ROBUST_CIRCLE_PERPENDICULAR_TO_LOCAL_AXIS,0.004579,0.039257,0.901358,1.109437,250.0,0.001551,0.013296,3,1699,940,87.64,HIGH,PROBABLE,NOT_REVIEWED,True,False,FULL_SOURCE_LAS_PERPENDICULAR_REFIT|ROBUST_MULTI_HEIGHT_STABILITY_QA|STANDARD_HEIGHT_RELIABLE|POM_NOT_TIED_TO_PROP_ROOT_PLUS_030
TREE_0096,MANUAL_REVIEW,MANUAL_REVIEW,,-6.674981,,,,,0.003304,0.16171,0.835675,1.196638,250.0,0.000517,0.02529,3,4177,430,73.01,MANUAL_REVIEW,UNCERTAIN,FALSE_POSITIVE,True,False,IDENTITY_REVIEW_FALSE_POSITIVE|TREE_DETECTION_UNCERTAIN
TREE_0097,STANDARD_DBH,STANDARD_DBH,1.3,-6.665648,7.87,7.87,24.72,FULL_LAS_ROBUST_CIRCLE_PERPENDICULAR_TO_LOCAL_AXIS,0.002437,0.061956,0.963296,1.038102,350.0,0.002577,0.065517,3,2576,2357,88.25,HIGH,PROBABLE,TRUE_POSITIVE,True,False,FULL_SOURCE_LAS_PERPENDICULAR_REFIT|ROBUST_MULTI_HEIGHT_STABILITY_QA|STANDARD_HEIGHT_RELIABLE|POM_NOT_TIED_TO_PROP_ROOT_PLUS_030
TREE_0098,MANUAL_REVIEW,MANUAL_REVIEW,,-6.665616,,,,,0.002477,0.059054,0.958327,1.043485,330.0,0.002645,0.063047,3,3291,2853,88.49,MANUAL_REVIEW,PROBABLE,DUPLICATE,True,False,IDENTITY_REVIEW_DUPLICATE
TREE_0099,STANDARD_DBH,STANDARD_DBH,1.3,-6.675412,10.05,10.05,31.58,FULL_LAS_ROBUST_CIRCLE_PERPENDICULAR_TO_LOCAL_AXIS,0.002836,0.056424,0.957913,1.043936,330.0,0.000819,0.016303,3,7563,4371,92.98,HIGH,PROBABLE,TRUE_POSITIVE,True,False,FULL_SOURCE_LAS_PERPENDICULAR_REFIT|ROBUST_MULTI_HEIGHT_STABILITY_QA|STANDARD_HEIGHT_RELIABLE|POM_NOT_TIED_TO_PROP_ROOT_PLUS_030
TREE_0100,ALTERNATIVE_POM,ALTERNATIVE_POM,2.3,-6.677067,12.78,,40.16,FULL_LAS_ROBUST_CIRCLE_PERPENDICULAR_TO_LOCAL_AXIS,0.00225,0.035201,0.98312,1.01717,250.0,0.000332,0.005189,3,1019,949,89.86,HIGH,CONFIRMED,NOT_REVIEWED,True,False,FULL_SOURCE_LAS_PERPENDICULAR_REFIT|ROBUST_MULTI_HEIGHT_STABILITY_QA|STANDARD_HEIGHT_UNRELIABLE_CLEANER_SECTION_SELECTED_ABOVE|POM_NOT_TIED_TO_PROP_ROOT_PLUS_030|STANDARD_REJECTED_NO_PLAUSIBLE_PERPENDICULAR_FIT
TREE_0101,MANUAL_REVIEW,MANUAL_REVIEW,,-6.653551,,,,,0.006832,0.05051,0.924947,1.081143,230.0,0.001958,0.014473,3,1856,307,80.13,MANUAL_REVIEW,UNCERTAIN,TRUE_POSITIVE,True,False,TREE_DETECTION_UNCERTAIN
TREE_0102,STANDARD_DBH,STANDARD_DBH,1.3,-6.664265,18.18,18.18,57.11,FULL_LAS_ROBUST_CIRCLE_PERPENDICULAR_TO_LOCAL_AXIS,0.004382,0.048212,0.958427,1.043377,210.0,0.012053,0.1326,3,5470,1141,76.43,MEDIUM,PROBABLE,UNCERTAIN,True,False,FULL_SOURCE_LAS_PERPENDICULAR_REFIT|ROBUST_MULTI_HEIGHT_STABILITY_QA|STANDARD_HEIGHT_RELIABLE|POM_NOT_TIED_TO_PROP_ROOT_PLUS_030
TREE_0103,ALTERNATIVE_POM,ALTERNATIVE_POM,2.0,-6.577806,8.05,,25.31,FULL_LAS_ROBUST_CIRCLE_PERPENDICULAR_TO_LOCAL_AXIS,0.003126,0.077607,0.960899,1.040692,360.0,0.000198,0.004914,3,2595,1821,91.94,HIGH,PROBABLE,TRUE_POSITIVE,True,False,FULL_SOURCE_LAS_PERPENDICULAR_REFIT|ROBUST_MULTI_HEIGHT_STABILITY_QA|STANDARD_HEIGHT_UNRELIABLE_CLEANER_SECTION_SELECTED_ABOVE|POM_NOT_TIED_TO_PROP_ROOT_PLUS_030|STANDARD_REJECTED_QUALITY_SCORE_BELOW_THRESHOLD|STANDARD_REJECTED_RADIUS_UNSTABLE_ACROSS_HEIGHTS|STANDARD_REJECTED_RADIUS_RANGE_UNSTABLE_ACROSS_HEIGHTS|STANDARD_REJECTED_INSUFFICIENT_VERTICAL_CONTINUITY
TREE_0104,STANDARD_DBH,STANDARD_DBH,1.3,-6.671385,15.25,15.25,47.91,FULL_LAS_ROBUST_CIRCLE_PERPENDICULAR_TO_LOCAL_AXIS,0.003455,0.045312,0.930428,1.074775,240.0,0.007396,0.097002,3,1864,1245,75.4,MEDIUM,CONFIRMED,NOT_REVIEWED,True,False,FULL_SOURCE_LAS_PERPENDICULAR_REFIT|ROBUST_MULTI_HEIGHT_STABILITY_QA|STANDARD_HEIGHT_RELIABLE|POM_NOT_TIED_TO_PROP_ROOT_PLUS_030
TREE_0105,STANDARD_DBH,STANDARD_DBH,1.3,-6.679194,8.4,8.4,26.37,FULL_LAS_ROBUST_CIRCLE_PERPENDICULAR_TO_LOCAL_AXIS,0.002873,0.068439,0.931986,1.072977,360.0,0.000583,0.013888,3,11868,4847,88.37,HIGH,PROBABLE,TRUE_POSITIVE,True,False,FULL_SOURCE_LAS_PERPENDICULAR_REFIT|ROBUST_MULTI_HEIGHT_STABILITY_QA|STANDARD_HEIGHT_RELIABLE|POM_NOT_TIED_TO_PROP_ROOT_PLUS_030
TREE_0106,MANUAL_REVIEW,MANUAL_REVIEW,,-6.66243,,,,,0.010678,0.04362,0.977244,1.023286,300.0,0.041553,0.169742,2,15211,5216,76.47,MANUAL_REVIEW,UNCERTAIN,TRUE_POSITIVE,True,False,TREE_DETECTION_UNCERTAIN|INSUFFICIENT_VERTICAL_CONTINUITY|LOCAL_AXIS_UNCERTAINTY_TOO_HIGH|SECTION_RADIUS_EXCEEDS_AUTOMATIC_COHORT_GUARDRAIL
TREE_0107,ALTERNATIVE_POM,ALTERNATIVE_POM,1.7,-6.655261,4.05,,12.73,FULL_LAS_ROBUST_CIRCLE_PERPENDICULAR_TO_LOCAL_AXIS,0.003158,0.15592,0.917902,1.089441,360.0,0.000128,0.006312,3,4705,1085,82.2,HIGH,PROBABLE,TRUE_POSITIVE,True,False,FULL_SOURCE_LAS_PERPENDICULAR_REFIT|ROBUST_MULTI_HEIGHT_STABILITY_QA|STANDARD_HEIGHT_UNRELIABLE_CLEANER_SECTION_SELECTED_ABOVE|POM_NOT_TIED_TO_PROP_ROOT_PLUS_030|STANDARD_REJECTED_QUALITY_SCORE_BELOW_THRESHOLD|STANDARD_REJECTED_RADIUS_UNSTABLE_ACROSS_HEIGHTS|STANDARD_REJECTED_RADIUS_RANGE_UNSTABLE_ACROSS_HEIGHTS
TREE_0108,ALTERNATIVE_POM,ALTERNATIVE_POM,2.2,-6.6694,6.23,,19.57,FULL_LAS_ROBUST_CIRCLE_PERPENDICULAR_TO_LOCAL_AXIS,0.003119,0.100146,0.894208,1.118309,360.0,0.00064,0.020547,3,3970,1127,84.06,HIGH,PROBABLE,NOT_REVIEWED,True,False,FULL_SOURCE_LAS_PERPENDICULAR_REFIT|ROBUST_MULTI_HEIGHT_STABILITY_QA|STANDARD_HEIGHT_UNRELIABLE_CLEANER_SECTION_SELECTED_ABOVE|POM_NOT_TIED_TO_PROP_ROOT_PLUS_030|STANDARD_REJECTED_NO_PLAUSIBLE_PERPENDICULAR_FIT
TREE_0109,MANUAL_REVIEW,MANUAL_REVIEW,,-6.425971,,,,,0.017368,0.04111,0.99475,1.005277,300.0,0.001538,0.00364,2,20761,4353,83.84,MANUAL_REVIEW,UNCERTAIN,NOT_REVIEWED,True,False,TREE_DETECTION_UNCERTAIN|INSUFFICIENT_VERTICAL_CONTINUITY|SECTION_RADIUS_EXCEEDS_AUTOMATIC_COHORT_GUARDRAIL
TREE_0110,ALTERNATIVE_POM,ALTERNATIVE_POM,1.9,-6.666702,4.33,,13.61,FULL_LAS_ROBUST_CIRCLE_PERPENDICULAR_TO_LOCAL_AXIS,0.003299,0.152357,0.940151,1.063658,360.0,0.001529,0.07061,3,2591,827,77.58,MEDIUM,PROBABLE,NOT_REVIEWED,True,False,FULL_SOURCE_LAS_PERPENDICULAR_REFIT|ROBUST_MULTI_HEIGHT_STABILITY_QA|STANDARD_HEIGHT_UNRELIABLE_CLEANER_SECTION_SELECTED_ABOVE|POM_NOT_TIED_TO_PROP_ROOT_PLUS_030|STANDARD_REJECTED_INSUFFICIENT_ARC_COVERAGE|STANDARD_REJECTED_RADIUS_RANGE_UNSTABLE_ACROSS_HEIGHTS|STANDARD_REJECTED_LOCAL_AXIS_UNCERTAINTY_TOO_HIGH|STANDARD_REJECTED_CLEANER_SMALLER_UPPER_SECTION_AVAILABLE
TREE_0111,MANUAL_REVIEW,MANUAL_REVIEW,,-6.347426,,,,,0.013153,0.046973,0.958053,1.043784,350.0,0.019335,0.069051,3,18980,4902,85.94,MANUAL_REVIEW,PROBABLE,NOT_REVIEWED,True,False,SECTION_RADIUS_EXCEEDS_AUTOMATIC_COHORT_GUARDRAIL
TREE_0112,ALTERNATIVE_POM,ALTERNATIVE_POM,1.4,-6.677665,6.63,,20.84,FULL_LAS_ROBUST_CIRCLE_PERPENDICULAR_TO_LOCAL_AXIS,0.003107,0.093667,0.843054,1.186163,240.0,2.7e-05,0.000802,3,8060,1220,81.44,MEDIUM,CONFIRMED,NOT_REVIEWED,True,False,FULL_SOURCE_LAS_PERPENDICULAR_REFIT|ROBUST_MULTI_HEIGHT_STABILITY_QA|STANDARD_HEIGHT_UNRELIABLE_CLEANER_SECTION_SELECTED_ABOVE|POM_NOT_TIED_TO_PROP_ROOT_PLUS_030|STANDARD_REJECTED_RADIUS_RANGE_UNSTABLE_ACROSS_HEIGHTS
TREE_0113,STANDARD_DBH,STANDARD_DBH,1.3,-6.538928,20.95,20.95,65.81,FULL_LAS_ROBUST_CIRCLE_PERPENDICULAR_TO_LOCAL_AXIS,0.00471,0.044964,0.947535,1.05537,240.0,0.007108,0.067859,3,1420,451,81.47,MEDIUM,PROBABLE,NOT_REVIEWED,True,False,FULL_SOURCE_LAS_PERPENDICULAR_REFIT|ROBUST_MULTI_HEIGHT_STABILITY_QA|STANDARD_HEIGHT_RELIABLE|POM_NOT_TIED_TO_PROP_ROOT_PLUS_030
TREE_0114,MANUAL_REVIEW,MANUAL_REVIEW,,-6.67911,,,,,0.005113,0.052046,0.983743,1.016526,290.0,0.0,0.0,1,3199,519,71.25,MANUAL_REVIEW,CONFIRMED,NOT_REVIEWED,True,False,INSUFFICIENT_VERTICAL_CONTINUITY|LOCAL_AXIS_UNCERTAINTY_TOO_HIGH
TREE_0115,MANUAL_REVIEW,MANUAL_REVIEW,,-6.657979,,,,,0.01288,0.048736,0.936832,1.067428,220.0,0.0,0.0,1,9853,3834,73.68,MANUAL_REVIEW,UNCERTAIN,NOT_REVIEWED,True,False,TREE_DETECTION_UNCERTAIN|INSUFFICIENT_VERTICAL_CONTINUITY|LOCAL_AXIS_UNCERTAINTY_TOO_HIGH|SECTION_RADIUS_EXCEEDS_AUTOMATIC_COHORT_GUARDRAIL
TREE_0116,MANUAL_REVIEW,MANUAL_REVIEW,,-6.66324,,,,,0.01589,0.04253,0.938147,1.065931,220.0,0.03742,0.100156,2,6554,1935,69.82,MANUAL_REVIEW,UNCERTAIN,NOT_REVIEWED,True,False,TREE_DETECTION_UNCERTAIN|INSUFFICIENT_VERTICAL_CONTINUITY|LOCAL_AXIS_UNCERTAINTY_TOO_HIGH|SECTION_RADIUS_EXCEEDS_AUTOMATIC_COHORT_GUARDRAIL|LARGE_SECTION_REQUIRES_STRONGER_ARC_COVERAGE
TREE_0117,ALTERNATIVE_POM,ALTERNATIVE_POM,2.2,-6.646236,12.39,,38.94,FULL_LAS_ROBUST_CIRCLE_PERPENDICULAR_TO_LOCAL_AXIS,0.002931,0.047294,0.989792,1.010313,310.0,5.2e-05,0.000841,3,969,513,93.22,HIGH,CONFIRMED,NOT_REVIEWED,True,False,FULL_SOURCE_LAS_PERPENDICULAR_REFIT|ROBUST_MULTI_HEIGHT_STABILITY_QA|STANDARD_HEIGHT_UNRELIABLE_CLEANER_SECTION_SELECTED_ABOVE|POM_NOT_TIED_TO_PROP_ROOT_PLUS_030|STANDARD_REJECTED_INSUFFICIENT_ARC_COVERAGE
TREE_0118,MANUAL_REVIEW,MANUAL_REVIEW,,-6.140934,,,,,0.016806,0.04866,0.944387,1.058888,210.0,0.00104,0.00301,2,2457,787,74.05,MANUAL_REVIEW,UNCERTAIN,NOT_REVIEWED,True,False,TREE_DETECTION_UNCERTAIN|INSUFFICIENT_VERTICAL_CONTINUITY|SECTION_RADIUS_EXCEEDS_AUTOMATIC_COHORT_GUARDRAIL|LARGE_SECTION_REQUIRES_STRONGER_ARC_COVERAGE
