siteId,treeId,status,dbhCm,circumferenceCm,radiusM,fitPoints,sectionPointCount,angularCoverageRatio,residualM,verticality,validatedSlices,centerSpreadM,radiusCv,qaFlags
site-001,SITE-001-CFO-001,C_STRUCTURE_RISK,59.701,187.558,0.29851,355,898,1.0,0.02288,0.997,5,0.15385,0.106,LARGE_STRUCTURE_OR_PROP_ROOT_RISK
site-001,SITE-001-CFO-002,B_LOW_CONFIDENCE,9.105,28.605,0.04553,69,426,0.875,0.01047,0.996,5,0.14946,0.623,RADIUS_VARIATION_HIGH
site-001,SITE-001-CFO-003,C_STRUCTURE_RISK,55.033,172.891,0.27516,320,749,0.95833,0.02408,0.994,4,0.18315,0.426,LARGE_STRUCTURE_OR_PROP_ROOT_RISK;CENTERLINE_SPREAD_HIGH
site-001,SITE-001-CFO-004,C_STRUCTURE_RISK,59.435,186.72,0.29717,88,227,0.83333,0.02624,0.997,5,0.18324,0.385,LARGE_STRUCTURE_OR_PROP_ROOT_RISK;CENTERLINE_SPREAD_HIGH
site-001,SITE-001-CFO-005,B_LOW_CONFIDENCE,33.244,104.438,0.16622,41,149,0.58333,0.01287,0.977,5,0.19959,0.29,CENTERLINE_SPREAD_HIGH
site-001,SITE-001-CFO-006,C_STRUCTURE_RISK,56.106,176.264,0.28053,52,137,0.75,0.02292,0.993,5,0.22717,0.461,LARGE_STRUCTURE_OR_PROP_ROOT_RISK;CENTERLINE_SPREAD_HIGH;RADIUS_VARIATION_HIGH
site-001,SITE-001-CFO-007,C_STRUCTURE_RISK,52.83,165.97,0.26415,50,148,0.83333,0.02372,1.0,4,0.14946,0.08,LARGE_STRUCTURE_OR_PROP_ROOT_RISK
site-001,SITE-001-CFO-008,C_STRUCTURE_RISK,59.606,187.259,0.29803,51,115,0.83333,0.0244,0.999,4,0.24546,0.196,LARGE_STRUCTURE_OR_PROP_ROOT_RISK;CENTERLINE_SPREAD_HIGH
site-001,SITE-001-CFO-009,B_LOW_CONFIDENCE,31.875,100.137,0.15937,26,56,0.58333,0.01455,0.996,5,0.18915,0.516,CENTERLINE_SPREAD_HIGH;RADIUS_VARIATION_HIGH
site-001,SITE-001-CFO-010,C_STRUCTURE_RISK,56.945,178.896,0.28472,37,98,0.66667,0.02522,0.991,5,0.1716,0.131,LARGE_STRUCTURE_OR_PROP_ROOT_RISK
site-001,SITE-001-CFO-011,A_INDICATIVE,39.886,125.307,0.19943,30,82,0.5,0.01605,0.953,4,0.15202,0.202,
site-001,SITE-001-CFO-012,C_STRUCTURE_RISK,59.154,185.837,0.29577,27,67,0.70833,0.02432,0.98,5,0.16322,0.252,LARGE_STRUCTURE_OR_PROP_ROOT_RISK
site-001,SITE-001-CFO-013,B_LOW_CONFIDENCE,12.62,39.647,0.0631,13,41,0.41667,0.00758,0.997,4,0.19358,0.319,LIMITED_POINT_SUPPORT;CENTERLINE_SPREAD_HIGH
site-001,SITE-001-CFO-014,C_STRUCTURE_RISK,55.647,174.822,0.27824,26,51,0.625,0.0205,0.994,5,0.23545,0.181,LARGE_STRUCTURE_OR_PROP_ROOT_RISK;CENTERLINE_SPREAD_HIGH
site-001,SITE-001-CFO-015,C_STRUCTURE_RISK,56.638,177.935,0.28319,26,60,0.625,0.02078,0.995,5,0.18045,0.436,LARGE_STRUCTURE_OR_PROP_ROOT_RISK;CENTERLINE_SPREAD_HIGH
site-001,SITE-001-CFO-016,C_STRUCTURE_RISK,58.449,183.624,0.29225,40,100,0.75,0.0253,0.986,3,0.15407,0.119,LARGE_STRUCTURE_OR_PROP_ROOT_RISK
site-001,SITE-001-CFO-017,C_STRUCTURE_RISK,50.112,157.43,0.25056,25,51,0.54167,0.01919,0.979,4,0.18453,0.46,LARGE_STRUCTURE_OR_PROP_ROOT_RISK;CENTERLINE_SPREAD_HIGH;RADIUS_VARIATION_HIGH
site-001,SITE-001-CFO-018,C_STRUCTURE_RISK,58.251,183.002,0.29126,25,59,0.58333,0.02668,0.999,4,0.15211,0.062,LARGE_STRUCTURE_OR_PROP_ROOT_RISK
site-001,SITE-001-CFO-019,B_LOW_CONFIDENCE,27.401,86.084,0.13701,12,27,0.41667,0.01192,0.986,5,0.25577,0.416,LIMITED_POINT_SUPPORT;CENTERLINE_SPREAD_HIGH
site-001,SITE-001-CFO-020,B_LOW_CONFIDENCE,43.196,135.704,0.21598,21,66,0.41667,0.00951,0.994,4,0.23309,0.419,CENTERLINE_SPREAD_HIGH
site-001,SITE-001-CFO-021,B_LOW_CONFIDENCE,13.321,41.85,0.06661,12,29,0.375,0.00731,0.988,3,0.08225,0.401,LIMITED_POINT_SUPPORT
site-001,SITE-001-CFO-022,A_INDICATIVE,31.652,99.438,0.15826,15,51,0.45833,0.00837,0.98,4,0.08915,0.267,
site-001,SITE-001-CFO-023,C_STRUCTURE_RISK,52.881,166.13,0.2644,19,35,0.625,0.01993,0.998,4,0.19009,0.085,LARGE_STRUCTURE_OR_PROP_ROOT_RISK;CENTERLINE_SPREAD_HIGH
site-001,SITE-001-CFO-024,C_STRUCTURE_RISK,57.185,179.651,0.28592,19,43,0.54167,0.02961,0.996,5,0.18481,0.128,LARGE_STRUCTURE_OR_PROP_ROOT_RISK;CENTERLINE_SPREAD_HIGH
site-001,SITE-001-CFO-025,C_STRUCTURE_RISK,59.271,186.204,0.29635,25,61,0.5,0.0243,0.989,4,0.18031,0.403,LARGE_STRUCTURE_OR_PROP_ROOT_RISK;CENTERLINE_SPREAD_HIGH
site-001,SITE-001-CFO-026,B_LOW_CONFIDENCE,33.24,104.426,0.1662,17,45,0.54167,0.01448,0.999,3,0.2127,0.228,CENTERLINE_SPREAD_HIGH
site-001,SITE-001-CFO-027,C_STRUCTURE_RISK,54.372,170.815,0.27186,20,39,0.5,0.01504,0.989,4,0.176,0.341,LARGE_STRUCTURE_OR_PROP_ROOT_RISK
site-001,SITE-001-CFO-028,B_LOW_CONFIDENCE,39.209,123.18,0.19605,13,25,0.41667,0.01581,0.994,5,0.154,0.215,LIMITED_POINT_SUPPORT
site-001,SITE-001-CFO-029,B_LOW_CONFIDENCE,38.354,120.492,0.19177,15,42,0.41667,0.0099,0.994,4,0.22202,0.223,CENTERLINE_SPREAD_HIGH
site-001,SITE-001-CFO-030,C_STRUCTURE_RISK,50.791,159.566,0.25396,19,49,0.45833,0.01901,0.987,4,0.08124,0.427,LARGE_STRUCTURE_OR_PROP_ROOT_RISK
site-001,SITE-001-CFO-031,C_STRUCTURE_RISK,50.405,158.351,0.25202,19,55,0.41667,0.01366,0.995,4,0.16557,0.141,LARGE_STRUCTURE_OR_PROP_ROOT_RISK
site-001,SITE-001-CFO-032,B_LOW_CONFIDENCE,37.251,117.027,0.18625,14,35,0.41667,0.01416,0.99,4,0.24502,0.188,LIMITED_POINT_SUPPORT;CENTERLINE_SPREAD_HIGH
site-001,SITE-001-CFO-033,B_LOW_CONFIDENCE,41.552,130.539,0.20776,13,38,0.41667,0.01543,0.994,4,0.16913,0.282,LIMITED_POINT_SUPPORT
site-001,SITE-001-CFO-034,B_LOW_CONFIDENCE,45.541,143.072,0.22771,12,34,0.41667,0.01043,0.988,4,0.21035,0.251,LIMITED_POINT_SUPPORT;CENTERLINE_SPREAD_HIGH
site-001,SITE-001-CFO-035,B_LOW_CONFIDENCE,39.006,122.542,0.19503,15,29,0.33333,0.01368,0.998,3,0.24635,0.123,PARTIAL_ANGULAR_COVERAGE;CENTERLINE_SPREAD_HIGH
site-001,SITE-001-CFO-036,B_LOW_CONFIDENCE,45.826,143.965,0.22913,14,19,0.29167,0.01774,0.996,4,0.17109,0.15,LIMITED_POINT_SUPPORT;PARTIAL_ANGULAR_COVERAGE
site-001,SITE-001-CFO-037,C_STRUCTURE_RISK,59.87,188.087,0.29935,14,21,0.375,0.02515,0.995,4,0.14841,0.391,LARGE_STRUCTURE_OR_PROP_ROOT_RISK;LIMITED_POINT_SUPPORT
site-001,SITE-001-CFO-038,B_LOW_CONFIDENCE,24.483,76.915,0.12241,10,23,0.41667,0.00791,0.989,2,0.06346,0.276,LIMITED_POINT_SUPPORT;LIMITED_VERTICAL_PERSISTENCE
site-001,SITE-001-CFO-039,C_STRUCTURE_RISK,53.819,169.079,0.2691,11,24,0.375,0.02056,0.992,3,0.07935,0.177,LARGE_STRUCTURE_OR_PROP_ROOT_RISK;LIMITED_POINT_SUPPORT
site-001,SITE-001-CFO-040,B_LOW_CONFIDENCE,45.823,143.958,0.22912,10,27,0.375,0.01826,0.988,2,0.07956,0.093,LIMITED_POINT_SUPPORT;LIMITED_VERTICAL_PERSISTENCE
site-001,SITE-001-CFO-041,C_STRUCTURE_RISK,57.056,179.246,0.28528,12,21,0.375,0.02435,0.981,2,0.11384,0.231,LARGE_STRUCTURE_OR_PROP_ROOT_RISK;LIMITED_POINT_SUPPORT;LIMITED_VERTICAL_PERSISTENCE
site-002,SITE-002-CFO-001,C_STRUCTURE_RISK,58.597,184.087,0.29298,1347,2993,1.0,0.02411,0.985,5,0.16744,0.135,LARGE_STRUCTURE_OR_PROP_ROOT_RISK
site-002,SITE-002-CFO-002,B_LOW_CONFIDENCE,35.467,111.421,0.17733,720,2210,0.95833,0.0147,0.995,5,0.22648,0.438,CENTERLINE_SPREAD_HIGH
site-002,SITE-002-CFO-003,B_LOW_CONFIDENCE,14.161,44.49,0.07081,343,2234,1.0,0.00974,0.932,5,0.21672,0.28,CENTERLINE_SPREAD_HIGH
site-002,SITE-002-CFO-004,C_STRUCTURE_RISK,51.824,162.811,0.25912,780,2014,0.95833,0.02287,0.996,5,0.25775,0.389,LARGE_STRUCTURE_OR_PROP_ROOT_RISK;CENTERLINE_SPREAD_HIGH
site-002,SITE-002-CFO-005,C_STRUCTURE_RISK,59.869,188.085,0.29935,851,1805,1.0,0.02384,0.997,5,0.15356,0.44,LARGE_STRUCTURE_OR_PROP_ROOT_RISK
site-002,SITE-002-CFO-006,C_STRUCTURE_RISK,59.825,187.946,0.29913,842,1928,1.0,0.02472,0.996,5,0.15453,0.201,LARGE_STRUCTURE_OR_PROP_ROOT_RISK
site-002,SITE-002-CFO-007,C_STRUCTURE_RISK,59.306,186.316,0.29653,844,1744,0.95833,0.0233,0.983,5,0.23223,0.605,LARGE_STRUCTURE_OR_PROP_ROOT_RISK;CENTERLINE_SPREAD_HIGH;RADIUS_VARIATION_HIGH
site-002,SITE-002-CFO-008,B_LOW_CONFIDENCE,28.079,88.214,0.1404,391,1496,0.91667,0.01164,0.976,5,0.20225,0.609,CENTERLINE_SPREAD_HIGH;RADIUS_VARIATION_HIGH
site-002,SITE-002-CFO-009,C_STRUCTURE_RISK,54.192,170.249,0.27096,492,1217,1.0,0.02399,0.983,5,0.13457,0.599,LARGE_STRUCTURE_OR_PROP_ROOT_RISK;RADIUS_VARIATION_HIGH
site-002,SITE-002-CFO-010,C_STRUCTURE_RISK,56.288,176.835,0.28144,498,1242,0.95833,0.0248,0.981,5,0.12558,0.618,LARGE_STRUCTURE_OR_PROP_ROOT_RISK;RADIUS_VARIATION_HIGH
site-002,SITE-002-CFO-011,C_STRUCTURE_RISK,59.734,187.659,0.29867,484,935,1.0,0.02481,1.0,5,0.11061,0.575,LARGE_STRUCTURE_OR_PROP_ROOT_RISK;RADIUS_VARIATION_HIGH
site-002,SITE-002-CFO-012,C_STRUCTURE_RISK,56.352,177.036,0.28176,303,919,0.91667,0.02522,0.995,5,0.17904,0.067,LARGE_STRUCTURE_OR_PROP_ROOT_RISK
site-002,SITE-002-CFO-013,C_STRUCTURE_RISK,51.841,162.865,0.25921,222,593,0.91667,0.02195,0.995,5,0.1351,0.628,LARGE_STRUCTURE_OR_PROP_ROOT_RISK;RADIUS_VARIATION_HIGH
site-002,SITE-002-CFO-014,C_STRUCTURE_RISK,56.207,176.579,0.28103,290,803,0.91667,0.0258,0.992,4,0.20181,0.531,LARGE_STRUCTURE_OR_PROP_ROOT_RISK;CENTERLINE_SPREAD_HIGH;RADIUS_VARIATION_HIGH
site-002,SITE-002-CFO-015,C_STRUCTURE_RISK,52.13,163.772,0.26065,212,518,0.83333,0.02217,1.0,5,0.08128,0.465,LARGE_STRUCTURE_OR_PROP_ROOT_RISK;RADIUS_VARIATION_HIGH
site-002,SITE-002-CFO-016,B_LOW_CONFIDENCE,17.31,54.382,0.08655,77,480,0.875,0.00882,0.997,5,0.19514,0.642,CENTERLINE_SPREAD_HIGH;RADIUS_VARIATION_HIGH
site-002,SITE-002-CFO-017,B_LOW_CONFIDENCE,43.717,137.341,0.21858,143,565,0.95833,0.01899,1.0,5,0.19319,0.465,CENTERLINE_SPREAD_HIGH;RADIUS_VARIATION_HIGH
site-002,SITE-002-CFO-018,B_LOW_CONFIDENCE,46.45,145.928,0.23225,194,436,0.875,0.02,0.968,4,0.16274,0.563,RADIUS_VARIATION_HIGH
site-002,SITE-002-CFO-019,B_LOW_CONFIDENCE,12.608,39.609,0.06304,52,440,0.83333,0.0086,0.995,5,0.22143,0.421,CENTERLINE_SPREAD_HIGH
site-002,SITE-002-CFO-020,C_STRUCTURE_RISK,51.987,163.322,0.25994,155,352,0.79167,0.02132,0.998,5,0.25103,0.375,LARGE_STRUCTURE_OR_PROP_ROOT_RISK;CENTERLINE_SPREAD_HIGH
site-002,SITE-002-CFO-021,C_STRUCTURE_RISK,59.71,187.586,0.29855,161,368,0.875,0.0228,0.999,5,0.20483,0.472,LARGE_STRUCTURE_OR_PROP_ROOT_RISK;CENTERLINE_SPREAD_HIGH;RADIUS_VARIATION_HIGH
site-002,SITE-002-CFO-022,C_STRUCTURE_RISK,59.611,187.272,0.29805,136,291,0.875,0.02448,1.0,5,0.16084,0.454,LARGE_STRUCTURE_OR_PROP_ROOT_RISK;RADIUS_VARIATION_HIGH
site-002,SITE-002-CFO-023,C_STRUCTURE_RISK,54.495,171.2,0.27247,147,310,0.66667,0.02229,0.988,5,0.17286,0.511,LARGE_STRUCTURE_OR_PROP_ROOT_RISK;RADIUS_VARIATION_HIGH
site-002,SITE-002-CFO-024,C_STRUCTURE_RISK,59.482,186.869,0.29741,135,310,0.83333,0.02527,0.98,5,0.22278,0.303,LARGE_STRUCTURE_OR_PROP_ROOT_RISK;CENTERLINE_SPREAD_HIGH
site-002,SITE-002-CFO-025,B_LOW_CONFIDENCE,44.208,138.885,0.22104,107,288,0.70833,0.01628,1.0,5,0.2447,0.507,CENTERLINE_SPREAD_HIGH;RADIUS_VARIATION_HIGH
site-002,SITE-002-CFO-026,C_STRUCTURE_RISK,58.037,182.327,0.29018,118,289,0.875,0.02457,1.0,5,0.16338,0.281,LARGE_STRUCTURE_OR_PROP_ROOT_RISK
site-002,SITE-002-CFO-027,A_INDICATIVE,35.969,113.0,0.17985,69,240,0.83333,0.0163,0.998,5,0.15688,0.172,
site-002,SITE-002-CFO-028,A_INDICATIVE,43.437,136.462,0.21719,90,322,0.66667,0.01822,1.0,5,0.1269,0.36,
site-002,SITE-002-CFO-029,C_STRUCTURE_RISK,59.504,186.936,0.29752,105,225,0.75,0.02529,0.996,5,0.10145,0.466,LARGE_STRUCTURE_OR_PROP_ROOT_RISK;RADIUS_VARIATION_HIGH
site-002,SITE-002-CFO-030,B_LOW_CONFIDENCE,49.298,154.875,0.24649,103,243,0.79167,0.0204,0.999,4,0.22148,0.12,CENTERLINE_SPREAD_HIGH
site-002,SITE-002-CFO-031,A_INDICATIVE,16.681,52.406,0.08341,40,51,0.54167,0.00676,1.0,5,0.05673,0.29,
site-002,SITE-002-CFO-032,B_LOW_CONFIDENCE,14.732,46.283,0.07366,31,173,0.70833,0.00879,0.989,5,0.25284,0.338,CENTERLINE_SPREAD_HIGH
site-002,SITE-002-CFO-033,C_STRUCTURE_RISK,52.048,163.514,0.26024,76,233,0.875,0.02184,0.995,5,0.18122,0.134,LARGE_STRUCTURE_OR_PROP_ROOT_RISK;CENTERLINE_SPREAD_HIGH
site-002,SITE-002-CFO-034,C_STRUCTURE_RISK,56.061,176.119,0.2803,90,217,0.70833,0.02314,0.997,5,0.16347,0.451,LARGE_STRUCTURE_OR_PROP_ROOT_RISK;RADIUS_VARIATION_HIGH
site-002,SITE-002-CFO-035,B_LOW_CONFIDENCE,46.187,145.102,0.23094,62,150,0.75,0.01807,0.999,5,0.13424,0.379,
site-002,SITE-002-CFO-036,B_LOW_CONFIDENCE,47.502,149.231,0.23751,78,225,0.79167,0.02193,0.999,4,0.1066,0.294,
site-002,SITE-002-CFO-037,C_STRUCTURE_RISK,56.729,178.219,0.28364,74,134,0.75,0.02324,0.998,5,0.17102,0.423,LARGE_STRUCTURE_OR_PROP_ROOT_RISK
site-002,SITE-002-CFO-038,B_LOW_CONFIDENCE,47.98,150.734,0.2399,84,189,0.66667,0.01938,1.0,4,0.17958,0.42,
site-002,SITE-002-CFO-039,B_LOW_CONFIDENCE,49.381,155.135,0.2469,57,167,0.83333,0.01971,0.999,5,0.11591,0.336,
site-002,SITE-002-CFO-040,B_LOW_CONFIDENCE,49.485,155.46,0.24742,62,133,0.75,0.02082,0.997,5,0.25293,0.43,CENTERLINE_SPREAD_HIGH
site-002,SITE-002-CFO-041,B_LOW_CONFIDENCE,16.364,51.409,0.08182,36,175,0.58333,0.00906,0.999,4,0.20638,0.616,CENTERLINE_SPREAD_HIGH;RADIUS_VARIATION_HIGH
site-002,SITE-002-CFO-042,C_STRUCTURE_RISK,54.613,171.572,0.27307,65,152,0.75,0.02342,0.999,5,0.24094,0.381,LARGE_STRUCTURE_OR_PROP_ROOT_RISK;CENTERLINE_SPREAD_HIGH
site-002,SITE-002-CFO-043,C_STRUCTURE_RISK,59.927,188.266,0.29963,70,158,0.75,0.02479,0.999,5,0.13191,0.099,LARGE_STRUCTURE_OR_PROP_ROOT_RISK
site-002,SITE-002-CFO-044,B_LOW_CONFIDENCE,40.956,128.668,0.20478,45,133,0.75,0.01573,0.999,4,0.23722,0.443,CENTERLINE_SPREAD_HIGH
site-002,SITE-002-CFO-045,C_STRUCTURE_RISK,59.514,186.968,0.29757,63,139,0.79167,0.02391,0.995,4,0.09951,0.235,LARGE_STRUCTURE_OR_PROP_ROOT_RISK
site-002,SITE-002-CFO-046,B_LOW_CONFIDENCE,45.988,144.475,0.22994,49,121,0.54167,0.01631,0.992,5,0.22368,0.092,CENTERLINE_SPREAD_HIGH
site-002,SITE-002-CFO-047,C_STRUCTURE_RISK,57.978,182.144,0.28989,57,126,0.75,0.0221,0.998,4,0.22799,0.428,LARGE_STRUCTURE_OR_PROP_ROOT_RISK;CENTERLINE_SPREAD_HIGH
site-002,SITE-002-CFO-048,C_STRUCTURE_RISK,58.921,185.105,0.2946,48,125,0.70833,0.02493,1.0,5,0.24281,0.603,LARGE_STRUCTURE_OR_PROP_ROOT_RISK;CENTERLINE_SPREAD_HIGH;RADIUS_VARIATION_HIGH
site-002,SITE-002-CFO-049,C_STRUCTURE_RISK,58.165,182.732,0.29083,56,125,0.70833,0.02302,0.996,4,0.16206,0.156,LARGE_STRUCTURE_OR_PROP_ROOT_RISK
site-002,SITE-002-CFO-050,C_STRUCTURE_RISK,50.262,157.904,0.25131,39,69,0.66667,0.02056,0.999,5,0.15929,0.613,LARGE_STRUCTURE_OR_PROP_ROOT_RISK;RADIUS_VARIATION_HIGH
site-002,SITE-002-CFO-051,B_LOW_CONFIDENCE,14.654,46.036,0.07327,17,70,0.58333,0.00809,0.999,4,0.21686,0.542,CENTERLINE_SPREAD_HIGH;RADIUS_VARIATION_HIGH
site-002,SITE-002-CFO-052,C_STRUCTURE_RISK,57.03,179.166,0.28515,56,108,0.54167,0.02187,0.998,4,0.16532,0.1,LARGE_STRUCTURE_OR_PROP_ROOT_RISK
site-002,SITE-002-CFO-053,C_STRUCTURE_RISK,59.943,188.317,0.29972,65,151,0.66667,0.02361,0.999,3,0.07282,0.497,LARGE_STRUCTURE_OR_PROP_ROOT_RISK;RADIUS_VARIATION_HIGH
site-002,SITE-002-CFO-054,B_LOW_CONFIDENCE,42.281,132.829,0.2114,34,99,0.66667,0.01808,0.998,4,0.1831,0.153,CENTERLINE_SPREAD_HIGH
site-002,SITE-002-CFO-055,C_STRUCTURE_RISK,57.816,181.633,0.28908,42,70,0.54167,0.02375,1.0,5,0.19654,0.601,LARGE_STRUCTURE_OR_PROP_ROOT_RISK;CENTERLINE_SPREAD_HIGH;RADIUS_VARIATION_HIGH
site-002,SITE-002-CFO-056,B_LOW_CONFIDENCE,47.514,149.268,0.23757,35,95,0.66667,0.01925,0.993,4,0.10031,0.569,RADIUS_VARIATION_HIGH
site-002,SITE-002-CFO-057,B_LOW_CONFIDENCE,46.923,147.412,0.23461,28,72,0.625,0.01806,0.999,5,0.13872,0.466,RADIUS_VARIATION_HIGH
site-002,SITE-002-CFO-058,A_INDICATIVE,36.465,114.558,0.18232,23,71,0.54167,0.01622,0.995,5,0.1323,0.2,
site-002,SITE-002-CFO-059,C_STRUCTURE_RISK,58.557,183.961,0.29278,33,75,0.83333,0.02619,0.996,4,0.21389,0.211,LARGE_STRUCTURE_OR_PROP_ROOT_RISK;CENTERLINE_SPREAD_HIGH
site-002,SITE-002-CFO-060,C_STRUCTURE_RISK,59.736,187.667,0.29868,36,69,0.70833,0.02383,1.0,4,0.21773,0.583,LARGE_STRUCTURE_OR_PROP_ROOT_RISK;CENTERLINE_SPREAD_HIGH;RADIUS_VARIATION_HIGH
site-002,SITE-002-CFO-061,C_STRUCTURE_RISK,54.239,170.398,0.2712,44,100,0.70833,0.02357,0.997,3,0.20289,0.269,LARGE_STRUCTURE_OR_PROP_ROOT_RISK;CENTERLINE_SPREAD_HIGH
site-002,SITE-002-CFO-062,A_INDICATIVE,41.2,129.434,0.206,24,57,0.5,0.01644,0.998,5,0.15331,0.282,
site-002,SITE-002-CFO-063,B_LOW_CONFIDENCE,30.249,95.03,0.15124,20,72,0.58333,0.01193,0.999,4,0.18116,0.199,CENTERLINE_SPREAD_HIGH
site-002,SITE-002-CFO-064,C_STRUCTURE_RISK,55.232,173.516,0.27616,34,85,0.58333,0.01845,0.998,4,0.21772,0.028,LARGE_STRUCTURE_OR_PROP_ROOT_RISK;CENTERLINE_SPREAD_HIGH
site-002,SITE-002-CFO-065,B_LOW_CONFIDENCE,38.277,120.252,0.19139,20,69,0.54167,0.01234,0.997,5,0.23806,0.431,CENTERLINE_SPREAD_HIGH
site-002,SITE-002-CFO-066,B_LOW_CONFIDENCE,33.15,104.145,0.16575,21,45,0.41667,0.01299,0.982,5,0.25597,0.107,CENTERLINE_SPREAD_HIGH
site-002,SITE-002-CFO-067,C_STRUCTURE_RISK,56.27,176.779,0.28135,28,54,0.58333,0.02446,0.996,5,0.1138,0.094,LARGE_STRUCTURE_OR_PROP_ROOT_RISK
site-002,SITE-002-CFO-068,C_STRUCTURE_RISK,53.164,167.02,0.26582,31,53,0.625,0.02239,0.999,4,0.24927,0.176,LARGE_STRUCTURE_OR_PROP_ROOT_RISK;CENTERLINE_SPREAD_HIGH
site-002,SITE-002-CFO-069,B_LOW_CONFIDENCE,39.519,124.153,0.1976,23,86,0.54167,0.01444,0.997,4,0.24668,0.496,CENTERLINE_SPREAD_HIGH;RADIUS_VARIATION_HIGH
site-002,SITE-002-CFO-070,C_STRUCTURE_RISK,54.991,172.759,0.27496,28,65,0.625,0.02403,0.997,4,0.21904,0.298,LARGE_STRUCTURE_OR_PROP_ROOT_RISK;CENTERLINE_SPREAD_HIGH
site-002,SITE-002-CFO-071,B_LOW_CONFIDENCE,47.349,148.75,0.23674,28,70,0.5,0.021,0.993,4,0.20941,0.608,CENTERLINE_SPREAD_HIGH;RADIUS_VARIATION_HIGH
site-002,SITE-002-CFO-072,C_STRUCTURE_RISK,55.54,174.483,0.2777,36,62,0.5,0.0212,1.0,3,0.18338,0.53,LARGE_STRUCTURE_OR_PROP_ROOT_RISK;CENTERLINE_SPREAD_HIGH;RADIUS_VARIATION_HIGH
site-002,SITE-002-CFO-073,C_STRUCTURE_RISK,55.25,173.572,0.27625,24,46,0.54167,0.02189,0.997,4,0.25566,0.579,LARGE_STRUCTURE_OR_PROP_ROOT_RISK;CENTERLINE_SPREAD_HIGH;RADIUS_VARIATION_HIGH
site-002,SITE-002-CFO-074,B_LOW_CONFIDENCE,44.025,138.309,0.22013,16,35,0.41667,0.01403,0.998,4,0.24446,0.448,CENTERLINE_SPREAD_HIGH
site-002,SITE-002-CFO-075,B_LOW_CONFIDENCE,29.854,93.789,0.14927,10,26,0.33333,0.00725,0.998,5,0.21894,0.299,LIMITED_POINT_SUPPORT;PARTIAL_ANGULAR_COVERAGE;CENTERLINE_SPREAD_HIGH
site-002,SITE-002-CFO-076,B_LOW_CONFIDENCE,35.844,112.608,0.17922,10,22,0.375,0.01362,1.0,5,0.1753,0.202,LIMITED_POINT_SUPPORT
site-002,SITE-002-CFO-077,C_STRUCTURE_RISK,59.812,187.903,0.29906,18,39,0.41667,0.02209,0.998,4,0.24128,0.213,LARGE_STRUCTURE_OR_PROP_ROOT_RISK;CENTERLINE_SPREAD_HIGH
site-002,SITE-002-CFO-078,B_LOW_CONFIDENCE,44.605,140.131,0.22303,13,22,0.29167,0.01816,0.999,5,0.15774,0.102,LIMITED_POINT_SUPPORT;PARTIAL_ANGULAR_COVERAGE
site-002,SITE-002-CFO-079,C_STRUCTURE_RISK,59.201,185.985,0.296,24,38,0.54167,0.022,1.0,2,0.09078,0.315,LARGE_STRUCTURE_OR_PROP_ROOT_RISK;LIMITED_VERTICAL_PERSISTENCE
site-002,SITE-002-CFO-080,B_LOW_CONFIDENCE,38.936,122.321,0.19468,11,33,0.29167,0.01697,0.998,4,0.22638,0.258,LIMITED_POINT_SUPPORT;PARTIAL_ANGULAR_COVERAGE;CENTERLINE_SPREAD_HIGH
